Date,Open,High,Low,Close,Volume
1/2/2019,36.81856022,37.75988468,36.6616722,37.53881454,148158800
1/3/2019,34.22515493,34.63876765,33.75449468,33.79965973,365248800
1/4/2019,34.35590472,35.311491,34.18237906,35.24255371,234428400
1/7/2019,35.34714811,35.37805128,34.68156556,35.16411209,219111200
1/8/2019,35.55156935,36.08879116,35.30435489,35.83444214,164101200
1/9/2019,35.96281096,36.73298552,35.56821877,36.44298172,180396400
1/10/2019,36.25044261,36.5998734,35.86060193,36.5594635,143122800
1/11/2019,36.34077758,36.53569613,36.01511536,36.20052719,108092800
1/12/2019,35.85821146,35.95804827,35.47074671,35.65615845,129756800
1/13/2019,35.72035788,36.46200517,35.66806186,36.38594055,114843600
1/14/2019,36.38831525,37.05389791,36.36929819,36.83045197,122278800
1/15/2019,36.6545413,37.47701187,36.4310954,37.04913712,119284800
1/16/2019,37.43899483,37.52932499,37.0776778,37.27735519,135004000
1/17/2019,37.17988043,37.25594505,36.27896578,36.44060898,121576000
1/18/2019,36.64266541,36.8779975,36.06028188,36.58799362,92522400
1/19/2019,36.63314629,36.72109701,36.06978001,36.29797745,101766000
1/20/2019,36.95880851,37.58873637,36.68307021,37.50078201,134142000
1/21/2019,37.0325066,37.16087087,36.52619131,37.15373993,104768400
1/22/2019,37.14185314,37.58874507,36.63315846,36.76865005,166348800
1/23/2019,38.80579628,39.49514741,38.08791775,39.28121185,244439200
1/24/2019,39.4856391,40.17261443,39.11719132,39.5640831,162958400
1/25/2019,39.68769902,40.1678662,39.44285662,39.58310699,130672400
1/26/2019,39.79465774,40.80491574,39.76375457,40.70745468,125982000
1/27/2019,41.09017349,41.61788513,40.96894381,41.40394592,144406400
1/28/2019,41.51565887,41.7343532,41.0877878,41.41820145,112958400
1/29/2019,40.98083287,41.346905,40.49115527,40.63378143,126966800
1/30/2019,40.34252624,40.74120038,40.20644993,40.68151855,95280000
1/31/2019,40.83431926,40.87251652,40.40460925,40.44757843,83973600
2/1/2019,40.60751528,40.82236839,40.51202218,40.79610825,89134000
2/2/2019,40.91547144,41.17568332,40.56454202,40.6266098,89960800
2/3/2019,40.51441199,40.88443639,40.43563154,40.77462387,87342800
2/4/2019,40.88205065,40.98947721,40.5239597,40.68390656,98507200
2/5/2019,40.51441247,40.92740969,40.46189217,40.80565643,75891200
2/6/2019,40.86772253,41.37621279,40.8199778,41.06825256,104457600
2/7/2019,41.01335233,41.149425,40.65526137,40.83669281,68998800
2/8/2019,40.96083654,41.29982892,40.9130918,41.29266739,75652800
2/9/2019,41.57674725,41.98496889,41.52661292,41.59345627,87493600
2/10/2019,41.46933029,41.84890591,41.34041548,41.61734009,68280800
2/11/2019,41.34995419,41.77727442,41.23536247,41.74623871,111341600
2/12/2019,41.61494648,41.75579472,41.28072606,41.33563232,112861600
2/13/2019,41.60539628,41.81308788,41.27356546,41.77011871,103544800
2/14/2019,41.94199685,42.43377447,41.53138563,41.98019409,109744800
2/15/2019,42.00168003,42.01600308,41.66745964,41.90380096,78949600
2/16/2019,41.69850448,41.89426265,41.52423454,41.66269684,83241600
2/17/2019,41.50750945,41.64358574,41.06586618,41.18045425,99185600
2/18/2019,40.66003278,41.31653281,40.46427466,41.27833557,95997600
2/19/2019,41.89425565,42.76083329,41.86083398,42.70831299,128044000
2/20/2019,42.97091341,43.60831486,42.82051405,43.18815613,129870400
2/21/2019,43.50805391,43.75871832,43.19054614,43.37914276,124130000
2/22/2019,43.90194184,43.94969021,43.58204818,43.86135864,94318000
2/23/2019,44.12874945,44.72079222,43.86376196,44.43193054,156171600
2/24/2019,44.35554211,44.97384507,44.35315251,44.88551712,104879200
2/25/2019,44.96429738,45.11708274,44.38418803,44.52981186,126585600
2/26/2019,44.45818824,45.23644164,44.10009726,44.91893387,124140800
2/27/2019,45.36295783,46.86932636,45.3128235,46.57330322,204136800
2/28/2019,46.63298312,47.19399365,45.54438738,45.60884476,169630800
3/1/2019,45.71865251,45.8308546,44.54650453,45.05738068,175381200
3/2/2019,45.75446983,46.04571739,44.06428031,44.59186554,199202000
3/3/2019,45.05977471,45.30088796,44.53457542,44.99293137,119393600
3/4/2019,45.10753384,45.25315767,44.76854142,45.05262756,83121600
3/5/2019,45.31761014,45.37729198,45.00964984,45.34625626,94256000
3/6/2019,45.74970242,45.75924991,44.97145269,45.65421295,111448000
3/7/2019,45.61839822,46.42291169,45.60885073,46.31787109,91062800
3/8/2019,46.13405855,46.90992241,46.11018436,46.63538742,93087200
3/9/2019,46.50169595,46.87888557,46.1077973,46.71655273,76457200
3/10/2019,46.89797325,47.05314817,46.77383405,47.02927399,74106400
3/11/2019,46.89082579,47.80037641,46.87172716,47.76934433,103526800
3/12/2019,47.82186061,48.42584046,47.56164505,47.62610245,143072800
3/13/2019,47.43034299,47.92212433,47.31097933,47.89347458,86781200
3/14/2019,47.94837697,47.9841846,47.37304333,47.49479294,83603200
3/15/2019,47.55448847,47.77889277,46.84069601,47.47570801,111042800
3/16/2019,47.40646279,47.70964745,47.2703865,47.56163406,70146400
3/17/2019,47.61654058,48.07250687,47.40168386,47.56640625,102785600
3/18/2019,47.63564579,48.55236142,47.41363114,48.4926796,115627200
3/19/2019,48.4902945,48.73618336,48.34706029,48.66695404,96783200
3/20/2019,48.42106475,48.92477956,48.30408705,48.82690048,77758000
3/21/2019,48.80302789,49.5956044,48.6765027,49.531147,93292000
3/22/2019,49.50248334,49.7698567,49.42847847,49.45473862,70162400
3/23/2019,49.37597137,49.59798602,48.96774605,49.0059433,74172800
3/24/2019,48.91521828,48.93909247,48.25155674,48.7719841,74596400
3/25/2019,48.7958549,49.17065848,48.66694377,48.84598923,88818800
3/26/2019,48.47596891,48.55713533,47.53299673,47.90541077,186139600
3/27/2019,50.10409636,51.40038409,49.9489214,50.25688171,259309200
3/28/2019,50.09454346,50.76536669,49.68632175,49.92982101,127985200
3/29/2019,50.34520096,50.57199117,50.18764007,50.55050659,83569600
3/30/2019,48.76960644,49.85581656,48.58101345,49.76987457,129772400
3/31/2019,49.14917629,49.51681472,47.94360273,48.42821884,155054800
4/1/2019,48.19904353,49.02026608,48.16323589,48.43777084,105358000
4/2/2019,47.84095247,48.14652314,46.94811464,47.91734695,139634400
4/3/2019,47.31103747,47.65373406,46.1966821,47.25352097,164834800
4/4/2019,44.98406973,45.40824163,43.81938699,44.50717163,229722400
4/5/2019,44.67252608,45.46096183,44.43287946,45.21173096,146118800
4/6/2019,44.63898612,45.95224885,44.57907446,45.75334167,106178800
4/7/2019,45.51129298,46.12478778,45.25486933,45.55203247,132125600
4/8/2019,44.79714639,45.74854388,44.75640689,45.29321671,131516400
4/9/2019,43.97994967,44.17885681,43.20349329,43.87689972,154449200
4/10/2019,44.38735362,45.05357102,44.26273633,44.71806717,113459200
4/11/2019,44.2531453,44.50477498,43.74749079,43.80260849,118994400
4/12/2019,43.08846295,43.26579911,42.61156486,43.05491257,146118800
4/13/2019,43.18432505,43.64924013,42.80568291,42.8895607,94858800
4/14/2019,42.87757217,43.27778158,42.63553041,42.71221542,111792800
4/15/2019,42.27845206,42.98061849,42.17780093,42.5085144,113924800
4/16/2019,42.64511468,42.95186206,42.33836731,42.72899246,84873600
4/17/2019,42.23292813,42.65470858,41.93576863,41.9549408,108174400
4/18/2019,42.0819497,42.63792798,40.80463272,41.53076172,161584400
4/19/2019,42.04361362,43.09566239,41.82313912,43.05012894,123872000
4/20/2019,44.1620692,44.33221987,43.40957912,43.74508286,119093600
4/21/2019,43.87450077,44.44725601,43.65162753,44.38734436,90105200
4/22/2019,44.69649584,45.99298511,44.51915966,45.56880951,122737600
4/23/2019,45.96661702,46.81975839,45.92108357,46.15114594,104883600
4/24/2019,46.69754138,46.97073839,46.39558795,46.68555832,107731600
4/25/2019,46.47947079,46.96355808,46.34526924,46.5369873,73012800
4/26/2019,46.65919972,47.16006032,46.39559062,46.52739334,86698400
4/27/2019,45.90430362,46.39318104,45.6047454,46.18948364,75046000
4/28/2019,46.2278364,46.72151156,46.05289537,46.46508789,58676400
4/29/2019,46.98271856,47.99881784,46.78141628,47.55786896,106204000
4/30/2019,47.85263646,47.90056871,47.28467512,47.41887665,84496800
5/1/2019,48.01799479,48.07551129,47.45722254,47.79991913,86056000
5/2/2019,47.64174922,48.13302552,47.48597672,47.63695526,191202400
5/3/2019,47.57943568,47.96766567,47.4907676,47.58902359,72881600
5/4/2019,47.55307686,47.75198399,46.80058662,46.86769104,84281200
5/5/2019,47.39491488,48.16657732,47.29426374,47.88139725,104270000
5/6/2019,47.9988262,48.30557728,47.82628398,47.86702347,83598800
5/7/2019,47.61298873,47.80950071,47.22236722,47.43085861,124442400
5/8/2019,48.68901533,49.0053507,48.08510467,48.30078888,109012000
5/9/2019,48.2672255,48.67941797,48.25524244,48.58355713,67740800
5/10/2019,48.71537364,48.99336464,48.57398298,48.98617554,45448000
5/11/2019,48.73214476,49.14673241,48.62430085,48.94303131,69062000
5/12/2019,48.12343558,48.2648262,47.54828517,47.93411636,101354400
5/13/2019,47.73760884,48.29119198,47.6441468,48.22649002,82312000
5/14/2019,48.37267453,48.82320772,48.30317496,48.7033844,71588400
5/15/2019,48.72254959,48.98136835,48.33911722,48.34870148,80767200
5/16/2019,48.51647173,48.88792483,48.45656006,48.72017288,70380800
5/17/2019,48.90948404,49.33605479,48.88791672,49.17789078,67789600
5/18/2019,49.02931116,49.39357512,48.76809717,49.00774384,67467200
5/19/2019,48.89990297,49.14913389,48.71297886,48.73215103,56430000
5/20/2019,48.88791794,49.33845483,48.81602321,49.28573227,74162400
5/21/2019,49.31688305,49.48703379,48.49489679,48.5500145,83717200
5/22/2019,48.80402867,49.66196394,48.79444441,49.65956879,89111600
5/23/2019,49.95674255,50.06458281,49.67635275,50.04780579,73420800
5/24/2019,49.76742197,50.12209801,49.64759864,50.00706863,59966400
5/25/2019,50.05977891,50.14365668,49.54214137,49.61164093,55638400
5/26/2019,49.72188829,50.26109328,49.6404093,49.78419876,70475600
5/27/2019,49.95674181,50.47916975,49.95194786,50.24910736,86693600
5/28/2019,50.02863042,50.36413791,49.68114353,50.03342438,135742800
5/29/2019,51.86432815,53.05057835,50.63733845,51.05432129,277125600
5/30/2019,51.26040638,52.25014801,49.5445395,49.94953918,216071600
5/31/2019,49.25457677,49.4702573,48.31995628,48.89271164,163448400
6/1/2019,47.44763378,47.60579776,46.15114473,46.33327484,209572000
6/2/2019,47.04502381,47.46680417,46.501025,47.21038055,143299200
6/3/2019,46.82935347,47.82388562,46.44831617,47.69926834,133457600
6/4/2019,47.97724716,48.77527075,47.783134,48.75130463,108038000
6/5/2019,48.4241548,48.77536618,47.94063258,48.34958267,98478800
6/6/2019,48.02002649,48.60458238,47.90696431,48.22690582,89927600
6/7/2019,48.35679387,51.0317879,48.22689096,50.26922226,188874000
6/8/2019,48.87158615,49.66061322,48.73446683,48.77295685,146189600
6/9/2019,48.9437612,49.34789547,48.03204751,48.53000259,108909600
6/10/2019,49.14101546,49.83382125,49.03516973,49.67505264,110481600
6/11/2019,50.66614789,51.17372365,50.52422005,50.6012001,97654400
6/12/2019,50.72869029,51.32286671,50.59397888,50.60359955,107537200
6/13/2019,51.23626938,51.39503431,50.90189508,51.15207291,86141600
6/14/2019,51.28437414,51.58507054,50.69741416,51.10876846,89014800
6/15/2019,50.37988734,51.01014963,48.35199212,48.74650574,187272000
6/16/2019,49.52108959,49.84103101,49.32864316,49.67264175,104174400
6/17/2019,50.00221677,50.16820181,48.96060371,49.11215591,103493200
6/18/2019,49.09771646,49.48741787,48.91008217,49.44171143,63755200
6/19/2019,50.15617153,50.35343018,49.71354721,50.27885437,83962000
6/20/2019,50.55549608,50.62525604,49.84344523,50.21390533,84573600
6/21/2019,49.65821067,49.79051784,49.12658143,49.48260498,80092000
6/22/2019,50.12969713,50.3919035,49.87230292,50.32214355,76752400
6/23/2019,50.99811741,51.4720153,50.88024308,51.30603027,95654800
6/24/2019,51.49126599,51.58027097,51.12080587,51.30122375,77449200
6/25/2019,51.6812992,52.06619212,50.77440135,51.52012634,109237600
6/26/2019,51.44554939,52.14797579,50.92835301,52.12873077,127111600
6/27/2019,52.45829817,53.81504031,52.37650595,53.78617096,177158400
6/28/2019,54.07725943,54.46696092,53.61057787,53.665905,128906800
6/29/2019,52.92257603,53.11261458,52.20571671,52.62187958,159053200
6/30/2019,52.37650524,52.95384458,52.33561097,52.89851379,84632400
7/1/2019,52.91295152,53.11983081,52.71088072,53.09096146,73274800
7/2/2019,53.17756623,53.60816561,52.78786479,53.58892059,101360000
7/3/2019,53.40609696,53.82707201,53.01158334,53.15351486,88242400
7/4/2019,53.25454648,53.53840217,52.31396708,52.37651062,221652400
7/5/2019,52.66998929,52.88408501,52.35726425,52.61466217,76662000
7/6/2019,53.17033537,53.52155035,52.24659699,52.36446762,124763200
7/7/2019,52.57376462,53.28340746,52.23457816,53.17034531,87613600
7/8/2019,52.92257197,53.14869627,52.64112055,52.89611053,75334000
7/9/2019,53.05248411,53.15352136,52.26826895,52.6387291,101408000
7/10/2019,53.13907414,54.02432638,53.1126127,53.87758636,103909600
7/11/2019,54.14220348,54.89995709,53.93291625,54.0267334,139223200
7/12/2019,53.65867589,53.78376663,52.42461656,52.6723938,138449200
7/13/2019,52.54490353,53.15351657,51.75106776,53.11983871,114426000
7/14/2019,54.27931317,54.72434535,53.85833817,54.60887527,138478800
7/15/2019,54.43086829,55.31130469,54.32742681,54.62090683,122306000
7/16/2019,54.3226201,54.86146579,53.9641886,53.9810257,111820000
7/17/2019,54.61369705,54.79651919,54.27932271,54.61369705,74770400
7/18/2019,54.83019573,55.43399659,54.6786472,55.34980011,113013600
7/19/2019,56.03778756,57.16600119,55.88383113,56.82200623,166795600
7/20/2019,56.50687837,57.28388068,56.45155124,56.74021912,96427600
7/21/2019,56.86530823,57.16840894,56.50206823,56.60791397,87360000
7/22/2019,56.13882971,56.58867415,56.09793543,56.3793869,73903200
7/23/2019,56.55257542,56.80756539,56.17490263,56.59828186,67585200
7/24/2019,56.43230519,57.15157245,56.36013731,56.870121,97433600
7/25/2019,57.13714353,57.97187726,57.08903283,57.85640717,87247200
7/26/2019,58.01277373,58.2629516,57.6423136,57.72410583,82293600
7/27/2019,58.23889304,58.51312807,58.02720156,58.49869156,75828800
7/28/2019,58.81864137,58.88840501,58.16913764,58.59492493,69275200
7/29/2019,58.49387672,59.35266383,58.42652102,59.31658173,73477200
7/30/2019,59.51865722,59.9588773,59.35026793,59.9107666,96572800
7/31/2019,59.89152079,60.0791551,58.35195632,58.52515411,142839600
8/1/2019,58.87876863,59.00867155,58.02479365,58.51793289,124522000
8/2/2019,59.47535156,59.9396251,57.07458854,59.84099579,139162000
8/3/2019,60.02863103,61.56579111,59.93722181,61.53933334,151125200
8/4/2019,61.90257968,62.02767412,61.43349755,61.94347763,103272000
8/5/2019,61.83522061,62.10945932,61.65961857,61.8544693,79897600
8/6/2019,61.76786206,61.94106352,61.43108349,61.88092422,75864400
8/7/2019,62.42862467,62.8170883,62.27661748,62.59510803,94940400
8/8/2019,62.41656801,62.83880696,61.97261481,62.76642609,69986400
8/9/2019,62.32245899,63.32859722,62.31763606,63.26345444,81821200
8/10/2019,63.10660666,63.40579804,62.95460687,63.20553207,87388800
8/11/2019,63.00528876,63.88595706,62.99081258,63.81116104,102734400
8/12/2019,63.63744552,63.91009244,63.23933596,63.36962891,89182800
8/13/2019,63.62054081,64.12722894,63.45888776,64.12240601,100206400
8/14/2019,64.13206446,64.52535108,63.75326139,64.44573212,86703200
8/15/2019,64.63873852,64.66286793,64.03313234,64.25028229,76167200
8/16/2019,64.06933504,64.19962061,62.82915537,63.50232697,106234400
8/17/2019,63.62297233,63.70018352,63.01735862,63.21762466,121395200
8/18/2019,63.35754124,63.49989516,62.93530239,63.16210556,65325200
8/19/2019,63.38651633,64.28649124,63.34067265,64.26959991,84020400
8/20/2019,64.4071119,64.46019366,63.33583097,63.76772308,105207600
8/21/2019,64.07898139,64.65805786,64.0138386,64.62427521,65235600
8/22/2019,64.32506537,64.66285493,64.15616691,64.48189545,46617600
8/23/2019,64.48673394,64.72319037,63.56505235,63.73635864,94487200
8/24/2019,62.32488681,62.619248,61.83750503,62.59994888,114430400
8/25/2019,62.99081656,63.53128007,62.89671405,63.15246964,67181600
8/26/2019,63.64709467,64.15378288,63.3913391,64.07897949,74424400
8/27/2019,64.53740668,65.38670739,64.4939708,65.31673431,106075600
8/28/2019,65.14543525,65.33845582,63.91732404,64.40229797,128042400
8/29/2019,64.80765413,65.16233518,64.14654351,64.77870178,90420400
8/30/2019,64.85829423,65.41082595,64.78349823,65.33119965,78756800
8/31/2019,64.60978208,65.76309704,64.49879564,65.49768829,137310400
9/1/2019,65.49770936,66.42422145,65.36983156,66.38803101,133587600
9/2/2019,66.83440418,67.74885531,66.82958124,67.52445984,128186000
9/3/2019,67.45447648,67.98528668,67.26868665,67.65715027,114158400
9/4/2019,67.50998246,68.01667075,67.34591422,67.49550629,116028400
9/5/2019,67.43760192,67.8429496,67.30490118,67.56306458,98369200
9/6/2019,68.0962825,68.19761571,67.21078393,67.42311096,275978000
9/7/2019,67.68611372,68.58367343,67.64750813,68.52335358,98572000
9/8/2019,68.6898263,68.73808512,68.26276445,68.58848572,48478800
9/9/2019,68.72116908,69.9661711,68.69221675,69.94927979,93121200
9/10/2019,70.24126588,70.92891372,69.5174276,69.92277527,146266000
9/11/2019,69.84071843,70.62005337,68.81769634,70.3377533,144114400
9/12/2019,69.95413256,70.85893029,69.85520713,70.8516922,100805600
9/13/2019,71.47658461,72.52856629,71.22324426,72.46824646,135480400
9/14/2019,71.69616735,72.52375387,71.53933722,71.76372528,146322800
9/15/2019,70.8854869,72.37417688,70.63455423,72.33557129,118387200
9/16/2019,72.34520436,72.6009599,71.77578859,71.9953537,108872000
9/17/2019,71.69859638,73.45511034,71.69859638,73.15351105,132079200
9/18/2019,74.13068274,74.90036464,73.87975746,74.70734406,170108400
9/19/2019,74.94137084,75.44082089,74.37436287,74.8762207,140644800
9/20/2019,75.19230573,76.50245093,75.07407383,76.47590637,121532000
9/21/2019,76.41319288,76.6231048,75.32019744,75.44324493,161954400
9/22/2019,75.24296602,76.12363416,74.6880191,75.11991119,121923600
9/23/2019,75.66282633,76.17192983,75.30090713,76.06093597,108829200
9/24/2019,76.30942443,76.90538478,76.00300228,76.90297699,137816400
9/25/2019,76.53138215,76.97292003,76.24425919,76.38179016,110843200
9/26/2019,76.8667844,77.20698922,76.56036223,76.65446472,101832400
9/27/2019,76.7075452,77.10323956,76.15983629,77.02362061,104472000
9/28/2019,77.26973366,78.01287103,76.6110382,76.801651,146537600
9/29/2019,74.81108287,75.22366854,73.56125747,74.5432663,161940000
9/30/2019,75.42392004,76.82333721,75.32499463,76.65203094,162234000
10/1/2019,78.28311347,79.10346206,77.54238386,78.25656891,216229200
10/2/2019,77.33970835,78.19624736,76.90781612,78.14316559,126743200
10/3/2019,77.43376552,77.85600431,74.38399894,74.67835999,199588400
10/4/2019,73.42132268,75.63868108,72.91946473,74.47330475,173788400
10/5/2019,76.07780703,77.12255096,75.67245941,76.93193817,136616400
10/6/2019,78.05872325,78.35791477,76.95608178,77.5592804,118826800
10/7/2019,77.82950261,78.46889159,77.27214775,78.46647644,105425600
10/8/2019,77.9658275,78.21493477,76.90893545,77.39989471,117684000
10/9/2019,75.98506136,77.76750946,75.90525345,77.76750946,109348800
10/10/2019,78.26330376,78.33585641,77.08064402,77.29830933,94323200
10/11/2019,77.74815764,79.13880655,77.74815764,79.13397217,113730400
10/12/2019,78.40599987,78.89695913,78.20284508,78.57045746,94747600
10/13/2019,78.53900375,78.8389052,78.08190738,78.58979797,80113600
10/14/2019,76.270435,77.3321687,76.08904602,77.15077972,152531200
10/15/2019,77.39265473,78.49792036,77.39265473,78.26815796,93984000
10/16/2019,78.02869864,78.51723694,76.95970974,77.46517944,100566000
10/17/2019,77.05888658,77.50147989,75.09504943,75.7117691,129554000
10/18/2019,71.89292541,73.56653706,69.95085421,72.11542511,222195200
10/19/2019,72.78537132,73.16749427,69.20112246,69.67272949,230673600
10/20/2019,69.29785907,72.04288097,69.2906038,70.77799225,198054800
10/21/2019,67.98460194,69.16967532,66.01592302,66.15135956,320605600
10/22/2019,62.21883737,67.33400483,62.00358559,66.11264801,426510000
10/23/2019,68.26997869,72.90386366,67.16713422,72.26779175,341397200
10/24/2019,73.44321158,73.52301951,69.12130946,69.97263336,319475600
10/25/2019,71.69459729,73.3778849,70.89406787,73.21826172,219178400
10/26/2019,71.47209384,72.44675702,70.47808576,70.84328461,187572800
10/27/2019,68.20226187,70.33539821,68.01603849,69.90248108,226176800
10/28/2019,63.7884637,67.25662043,63.60707471,64.37374878,286744800
10/29/2019,67.02686597,69.27608659,65.14767123,69.01004791,285290000
10/30/2019,67.08732407,68.01361391,65.74987554,66.61328888,255598800
10/31/2019,61.89960418,65.30004286,59.97929862,60.03492355,418474000
11/1/2019,64.06419376,67.69922981,61.17647597,67.22761536,370732000
11/2/2019,58.51609561,62.65901821,58.0444849,58.57897949,322423600
11/3/2019,59.86079146,62.30349462,57.65751944,61.15470123,324056000
11/4/2019,57.98886476,60.4630101,57.34795464,59.65764236,300233600
11/5/2019,59.83176872,61.14986143,58.6757164,59.20053482,271857200
11/6/2019,59.78097983,60.90559393,55.14225992,55.44215775,401693200
11/7/2019,55.16160048,55.26317787,51.42015002,54.264328,336752800
11/8/2019,57.16413586,59.90431932,56.66592136,59.7084198,287531200
11/9/2019,60.6443979,62.45828817,59.08445301,59.37951279,303602000
11/10/2019,59.62135879,62.56227643,59.58266158,62.50423431,252087200
11/11/2019,61.12808948,61.88266649,59.74953389,59.91641235,204216800
11/12/2019,60.64197271,61.79802499,60.31788822,61.62630844,167976400
11/13/2019,61.8173709,63.48372729,60.94670225,61.50054169,197002000
11/14/2019,59.61651627,60.15342799,57.83406826,58.26456451,176218400
11/15/2019,58.12670524,59.29001269,57.29473382,59.23680496,165934000
11/16/2019,58.72166838,59.42303772,57.79537474,58.38549423,129880000
11/17/2019,60.68064205,63.63365177,60.31302981,63.47887039,201820400
11/18/2019,65.49352388,65.7111966,62.63967301,62.7436676,202887200
11/19/2019,63.54418477,64.66396058,63.17899331,64.34955597,168895200
11/20/2019,64.98563166,65.3169677,64.01822372,64.81391144,161834800
11/21/2019,64.89132507,66.19491121,64.29152931,66.08607483,131022800
11/22/2019,67.71855339,69.7138322,67.24693908,69.42360687,194994800
11/23/2019,68.29901108,69.24948777,67.87093565,68.7899704,131154400
11/24/2019,69.50342632,69.70174672,68.2869111,69.33654785,157125200
11/25/2019,68.85284816,69.39943605,66.95914282,68.39574432,215250000
11/26/2019,67.22276799,68.12487125,66.95672931,66.97607422,130015200
11/27/2019,66.81887304,67.05346978,64.19477725,64.90582275,180991600
11/28/2019,66.17313585,67.21068322,65.83213096,66.77535248,116862400
11/29/2019,66.71971823,68.14180935,66.47786621,66.51656342,124814400
11/30/2019,67.04138325,68.44654291,66.9930099,68.43686676,126161200
12/1/2019,68.15390126,68.81658086,67.70648089,68.48524475,117087600
12/2/2019,68.94715215,69.12854112,67.2832169,67.37511444,112004800
12/3/2019,68.86251778,70.05726717,68.659363,69.58807373,137280800
12/4/2019,70.12741094,71.23267646,69.73803272,71.05612183,183064000
12/5/2019,69.23013834,72.31375149,69.13339901,69.91216278,240616800
12/6/2019,69.93634198,71.0295103,69.24706234,70.90132904,133568000
12/7/2019,71.36085458,72.79745614,71.2157419,71.96548462,147751200
12/8/2019,72.66686683,73.33921525,72.28232294,72.70798492,142333600
12/9/2019,73.33437601,73.80599044,73.03206096,73.46013641,115215200
12/10/2019,74.11975021,75.26195467,73.79236469,75.20860291,133838400
12/11/2019,74.71632175,76.88675245,74.50776212,76.39204407,145946400
12/12/2019,77.0759169,77.5269833,75.39777434,75.51902771,162301200
12/13/2019,75.69847326,76.62000327,73.53046253,74.60719299,200622400
12/14/2019,73.84572042,75.12615555,73.12304776,75.06552887,158929200
12/15/2019,72.83689631,74.66781912,72.80294181,74.62174225,166348400
12/16/2019,75.94583164,76.75337575,75.25468601,76.37991333,135178400
12/17/2019,76.39689435,77.24324047,75.90703343,75.93856049,101729600
12/18/2019,76.79700884,77.48572688,76.75820688,77.41540527,111504800
12/19/2019,77.27718574,77.81797834,76.60058998,76.83824921,102688800
12/20/2019,76.5763425,77.41542106,76.47449382,77.33296967,81803200
12/21/2019,78.45091062,78.63036319,76.75336387,76.80914307,125522000
12/22/2019,76.66606018,77.28929668,75.92641041,77.1437912,112945200
12/23/2019,76.81885228,78.43637538,76.54239846,77.17776489,133560800
12/24/2019,77.42025272,77.8810139,76.74608449,77.10256958,153532400
12/25/2019,77.05650985,78.17204224,76.92555415,78.05078888,80791200
12/26/2019,77.78401039,78.43635389,77.3426465,78.41210175,87642800
12/27/2019,78.73219903,79.10566129,78.15987957,78.84375,104491200
12/28/2019,78.66674739,78.96502588,77.79129441,78.16475677,87560400
12/29/2019,78.41454026,80.451595,78.38544065,80.39096832,137250400
12/30/2019,80.08785786,80.90025699,79.37731483,80.86630249,95654400
12/31/2019,80.5461924,83.81275109,80.51466534,83.41989136,147712400
1/1/2020,84.36807924,86.03409908,83.92914271,85.56606293,166651600
1/2/2020,84.7100239,85.13441067,81.35615913,81.45800781,201662400
1/3/2020,83.59691312,84.34383053,81.05059267,82.16127014,200146000
1/4/2020,80.81534793,83.82970407,80.65286521,83.17736053,138808800
1/5/2020,85.23139143,85.65335807,83.59689886,85.38174438,165428800
1/6/2020,86.1262474,86.18687407,85.14167085,85.26292419,114406400
1/7/2020,85.21927871,85.71399444,84.68818846,85.29688263,96820400
1/8/2020,86.00257679,86.4681855,83.70118325,84.80944061,264476000
1/9/2020,85.20229119,87.17144413,85.15621433,87.02836609,135445200
1/10/2020,88.27243706,90.30464435,87.85289781,88.8859787,212155600
1/11/2020,88.51495464,89.4340572,86.9435084,87.31697083,192623200
1/12/2020,87.472169,88.51494484,86.71312185,88.47614288,137522400
1/13/2020,88.37189014,88.59257219,85.60973457,85.75766754,205256800
1/14/2020,85.66548061,87.82864335,85.18774218,87.73406219,130646000
1/15/2020,87.32180641,88.75260181,87.30240913,88.46643829,140223200
1/16/2020,88.54402925,89.08724179,88.25059826,88.29909515,110737200
1/17/2020,89.20607508,89.84144134,88.18512413,88.29909515,114041600
1/18/2020,89.72748052,91.12916898,89.69595347,90.66113281,118655600
1/19/2020,91.03943261,91.81787697,90.26826315,90.37981415,112424400
1/20/2020,91.35713221,92.51631405,91.26982595,92.48478699,117092000
1/21/2020,93.3772004,93.43055217,91.83486136,92.88249207,125642800
1/22/2020,92.4774877,93.10315902,91.86637359,93.04495239,90257200
1/23/2020,94.34964386,96.95901798,92.4023156,92.61572266,191649200
1/24/2020,91.99735078,94.33996671,91.06370578,94.14839172,170989200
1/25/2020,96.02295123,96.27273284,93.59788423,94.79586792,153198000
1/26/2020,93.66820412,94.48545044,93.03041037,93.62940216,110577600
1/27/2020,94.08046008,94.23566049,92.96734801,93.44023895,92186800
1/28/2020,93.52757658,95.54765444,93.18321376,95.40942383,90318000
1/29/2020,96.19997394,96.27515042,93.84280875,94.09259033,103433200
1/30/2020,93.79431626,95.03837685,93.7070174,94.35693359,89001600
1/31/2020,94.09019018,94.16779412,89.25218503,90.06215668,197004400
2/1/2020,88.26029138,90.18336719,86.47301129,89.83900452,185438800
2/2/2020,90.90121083,92.06039256,90.67810881,91.96823883,121214000
2/3/2020,91.53899808,91.71603063,90.45256548,90.45742035,103625600
2/4/2020,90.94002484,92.37566796,90.90365031,92.19136047,90329200
2/5/2020,91.3643887,93.4111456,90.95697926,93.30686951,158130000
2/6/2020,99.80120989,103.2254033,97.80294964,103.0750504,374336800
2/7/2020,104.9568969,108.291364,104.6586184,105.6722946,308151200
2/8/2020,105.8614503,107.4692709,105.1387776,106.3779907,173071600
2/9/2020,106.0991067,107.0836833,105.6334906,106.7635727,121776800
2/10/2020,107.0958131,110.9831954,106.5065235,110.4884796,202428800
2/11/2020,110.0098956,110.4666315,107.1795997,107.9764557,198045600
2/12/2020,109.4219413,110.5637807,106.8953259,109.545845,212403600
2/13/2020,108.8097385,109.3077707,106.0280273,106.2879791,187902400
2/14/2020,107.3787677,110.0778782,107.1844156,109.8203583,165598000
2/15/2020,111.2002996,112.7672909,110.7119799,111.7639313,210082000
2/16/2020,111.5890251,111.7542252,109.8544016,111.6643372,165565200
2/17/2020,112.7867152,112.8110111,110.7459878,111.3727798,119561600
2/18/2020,111.125002,112.7260019,110.7897381,112.3008499,105633600
2/19/2020,112.7089741,113.8556697,112.34699,112.4417343,145538000
2/20/2020,112.4830475,115.0509668,112.4660396,114.9367828,126907200
2/21/2020,115.8964134,121.3432202,115.8842691,120.8597641,338054800
2/22/2020,125.0650992,125.1501384,120.4394521,122.3052597,345937600
2/23/2020,121.1779988,121.6468788,119.5794237,121.3018951,211495600
2/24/2020,122.6186603,123.4082281,121.5521329,122.9514923,163022400
2/25/2020,123.554001,123.886833,120.3374182,121.4816895,155552400
2/26/2020,122.4558963,122.8737602,121.0614004,121.2849121,187630000
2/27/2020,123.9791648,127.3026364,122.4437572,125.3979492,225702700
2/28/2020,129.0129482,130.9953791,126.8458923,130.392868,151948100
2/29/2020,133.7066323,134.0856243,123.4155299,127.6913376,200119000
3/1/2020,123.3280683,125.2035884,117.098982,117.4682541,257599600
3/2/2020,116.6811026,120.2086456,107.7602018,117.5459824,332607200
3/3/2020,110.7338461,115.6315969,109.4996942,109.6357422,231366600
3/4/2020,113.9504239,115.7773596,112.0068724,114.008728,176940500
3/5/2020,116.962921,117.098969,109.3247636,110.2868195,182274400
3/6/2020,111.3363536,111.9777292,106.8953385,108.8388901,180860300
3/7/2020,111.4821062,112.6579539,109.6162987,112.1040421,140150100
3/8/2020,114.9902396,115.4761275,110.4034564,112.2789841,184642000
3/9/2020,111.9777363,112.7260005,108.877769,108.9652252,154679000
3/10/2020,106.6232271,109.0332266,105.6417316,107.2257233,178011000
3/11/2020,107.284043,107.7504912,103.0956845,103.8245163,287104900
3/12/2020,101.5894446,107.0799794,100.190085,106.9730835,195713800
3/13/2020,109.4997064,109.6746264,106.0790586,108.6542587,183055400
3/14/2020,108.4696253,108.9457934,103.7565064,104.0966339,150718700
3/15/2020,102.2016467,107.1382689,102.0364466,105.1655655,167743300
3/16/2020,105.3696569,109.2664801,104.6311051,109.1109924,149981400
3/17/2020,111.763939,112.0651872,109.5968757,111.7153473,137672400
3/18/2020,111.316927,112.0554713,110.3645834,110.8699036,99382200
3/19/2020,110.578375,113.9504384,110.4131749,112.5413589,142675200
3/20/2020,114.3197138,114.3974576,112.5608018,113.4937057,116120400
3/21/2020,109.7037423,112.113749,109.0526545,109.8300705,144712000
3/22/2020,110.6949877,113.3576514,110.3451478,113.2118835,106243800
3/23/2020,112.4344523,112.8426037,109.0818289,109.9661484,161498200
3/24/2020,111.3849466,112.2886984,110.9087711,111.8319626,96849000
3/25/2020,112.9689313,113.1146991,111.35578,111.7250595,83477200
3/26/2020,112.0262987,113.6977541,111.6764589,113.668602,100506900
3/27/2020,116.6714124,121.6469077,115.9134284,120.8889236,240226800
3/28/2020,121.7343403,121.8509561,116.2729655,117.6820374,262330500
3/29/2020,117.5848534,119.5575567,116.2438056,117.7694931,150712000
3/30/2020,115.3692306,117.7792305,114.8153186,117.3030624,112559200
3/31/2020,117.8569745,118.1193581,115.4566869,115.660759,115393800
4/1/2020,116.5742138,117.0212297,112.3955827,112.7065506,120639300
4/2/2020,112.9203433,115.6218862,112.3664314,114.1933746,124423700
4/3/2020,113.3770897,115.3595133,113.1632978,113.5714493,89946000
4/4/2020,114.1350634,114.7084149,111.355784,112.4830475,101988000
4/5/2020,113.1049713,113.2604589,111.054524,111.7930756,82572600
4/6/2020,110.7921478,113.2604589,109.6940365,111.8027954,111850700
4/7/2020,112.2303798,113.9698593,111.3071958,113.3090515,92276800
4/8/2020,111.8027735,112.1720455,107.9642558,108.0614319,143937800
4/9/2020,109.1984425,113.6297375,109.0332349,112.0651779,146129200
4/10/2020,107.9253942,108.8291458,104.6796673,105.7874908,190272600
4/11/2020,106.0304503,107.5561379,104.2909709,105.7000427,122866900
4/12/2020,106.5649227,108.3432665,105.661171,107.3229065,107624400
4/13/2020,110.9184838,112.3275557,109.1790043,111.7056198,138235500
4/14/2020,114.6209516,116.2438228,113.5714393,115.6704712,126387100
4/15/2020,115.1788748,116.0355102,113.047012,115.5390549,114457900
4/16/2020,117.3010027,118.7514445,112.9691429,113.2319717,154515300
4/17/2020,112.4824025,114.4682384,111.1000947,112.8912506,138023400
4/18/2020,114.0788893,116.4541081,113.3488,116.3178253,112295000
4/19/2020,116.4443536,117.3301913,115.4222259,116.0452347,103162300
4/20/2020,116.2691472,116.4930371,114.7408273,116.0939255,81581900
4/21/2020,115.7629542,117.7780003,115.0133992,117.1063232,91183000
4/22/2020,116.3762302,117.466492,115.8018894,116.2204742,74271000
4/23/2020,115.4611724,116.6390487,114.8673659,114.8965683,76322100
4/24/2020,114.4682515,115.8992275,113.7089599,115.4903793,74113000
4/25/2020,115.4903904,115.6169365,114.1762311,114.2248993,73604300
4/26/2020,114.0691353,114.4974567,110.7301938,110.8275375,127959300
4/27/2020,110.8859434,112.7744356,109.6009793,112.1124878,113874200
4/28/2020,112.4824159,113.6505557,112.1124993,112.9496689,76499200
4/29/2020,113.4753386,114.370913,113.1346318,113.4948044,46691300
4/30/2020,113.8647208,117.7585302,113.7089649,115.8895035,169410200
5/1/2020,117.7974641,120.1921559,116.8240118,119.4620667,127728200
5/2/2020,118.7806356,120.094802,117.6806373,119.8125,89004200
5/3/2020,120.2408204,120.4939201,118.9656003,119.6762238,78967600
5/4/2020,119.345231,119.5983306,118.2939009,119.0045242,78260400
5/5/2020,119.062948,121.2629523,119.0045432,120.4647217,86712000
5/6/2020,121.0682661,121.6620726,119.8222409,121.0779953,82225500
5/7/2020,121.2239982,122.6062985,117.7877132,118.5470047,115089200
5/8/2020,117.3010268,120.5815644,116.9603199,119.9682846,81312200
5/9/2020,119.1797746,119.5010157,117.3496868,119.1603088,86939800
5/10/2020,119.3452352,120.0753243,118.3133783,118.5470047,79184500
5/11/2020,121.0390549,124.5045501,120.8346308,124.4850769,157243700
5/12/2020,124.027579,124.962085,123.2001385,124.416954,98208600
5/13/2020,125.4779974,126.1399527,124.6408278,125.2833099,94359800
5/14/2020,125.5364211,125.6727038,122.7718126,123.2974777,192541500
5/15/2020,121.7010018,124.9036607,120.172682,124.8257828,121251600
5/16/2020,128.1161004,130.8417707,126.2081267,128.3789368,168904800
5/17/2020,128.6514466,128.914268,127.3080778,127.4833069,88223700
5/18/2020,127.8337537,129.9169409,127.619593,128.4664917,54930100
5/19/2020,130.4328697,133.6939258,129.9656019,133.0611877,124486200
5/20/2020,134.3850754,135.1054205,130.7735613,131.2894897,121047300
5/21/2020,131.9806504,132.3797693,129.8585169,130.1700287,96452100
5/22/2020,130.5204716,131.1629536,128.2231238,129.1673737,99116600
5/23/2020,129.9753618,130.0629689,123.3948218,125.974472,143301900
5/24/2020,125.4682533,128.242598,125.0204587,127.5319672,97664900
5/25/2020,124.3293287,127.5709266,123.0248988,123.2390594,155088000
5/26/2020,124.9523685,128.1355624,124.4656422,127.4444046,109578200
5/27/2020,128.9142743,129.1089766,126.7726823,128.5443726,105158200
5/28/2020,125.7603016,126.7142806,125.0886171,125.5558701,100384500
5/29/2020,125.0886223,126.247033,123.4921611,125.380661,91951100
5/30/2020,125.3417031,127.960292,125.0788817,127.4151611,88636800
5/31/2020,127.3275716,127.5222591,125.3417204,125.4877472,90221800
6/1/2020,125.3611936,126.7629674,123.6284496,123.7647324,111598500
6/2/2020,124.3877258,125.2930441,123.5700295,124.4364014,90757300
6/3/2020,125.2443432,128.9726663,125.1372629,128.5248718,104319500
6/4/2020,130.2478988,135.9620581,130.0434673,133.2363892,120150900
6/5/2020,132.6621109,136.1373436,131.435566,135.3780518,114459400
6/6/2020,139.2718202,141.2381831,132.9151634,139.1257935,157611700
6/7/2020,139.7877421,140.4691557,137.616933,139.3594208,98390600
6/8/2020,139.6222602,140.4691738,136.6824449,138.2886353,140843800
6/9/2020,135.8160271,138.2204547,133.0708853,133.450531,142621100
6/10/2020,132.2240118,133.1098568,126.7532153,128.4567566,177523800
6/11/2020,130.1992574,131.7859895,127.4541145,130.5789032,106239800
6/12/2020,132.1266715,132.6912756,131.0364097,131.4063263,83305400
6/13/2020,132.1558919,132.165636,130.0629752,130.3842163,89880900
6/14/2020,132.6815401,133.7523287,131.0169303,133.7425995,84183100
6/15/2020,133.9034687,133.9717045,132.4508521,133.3282623,75693800
6/16/2020,132.6165494,133.5232204,131.5344025,133.474472,71297200
6/17/2020,133.1917855,134.4201778,132.4411179,132.5970917,76774200
6/18/2020,133.0553056,133.5525177,131.0274972,131.9926605,73046600
6/19/2020,132.4898338,132.9675435,130.4132924,131.7391663,64280000
6/20/2020,130.978735,132.1291179,130.335293,131.9731293,60145100
6/21/2020,132.0901435,132.5970844,129.4578829,129.8478546,80576300
6/22/2020,127.9565315,128.9021924,126.2211984,127.5568161,97918500
6/23/2020,125.9579805,126.737909,124.2129035,126.4551926,96856700
6/24/2020,126.9719013,127.4301088,125.5680327,126.6111755,87668800
6/25/2020,124.7978297,126.464927,122.4483078,122.8382721,103916400
6/26/2020,120.6544717,123.5304439,115.4192194,122.7017746,158273000
6/27/2020,121.8048666,122.4093041,119.1628699,122.2045746,111039900
6/28/2020,121.5513961,123.2867292,117.515282,117.9539871,148199500
6/29/2020,119.5138448,121.7171367,118.1587246,118.2172241,164560400
6/30/2020,120.6447191,124.7198299,119.7088094,124.5833435,116307900
7/1/2020,125.1878067,125.4900255,121.8731216,121.9803619,102260900
7/2/2020,121.6781331,122.5555508,118.7826583,118.997139,112966300
7/3/2020,118.6949297,120.4985062,115.6434735,117.1155777,178155000
7/4/2020,117.9442455,118.8801552,114.6198092,118.3731995,153766600
7/5/2020,117.8954867,117.9637299,113.2939251,113.4401627,154376600
7/6/2020,116.0431771,118.9971441,115.8092016,118.0514832,129525800
7/7/2020,118.636412,119.1043631,116.4526153,116.9693222,111943300
7/8/2020,119.4650984,120.1182843,118.2172187,118.8996506,103026500
7/9/2020,117.3788075,118.1294826,116.1699248,117.9929962,88105100
7/10/2020,118.3634611,120.8884667,117.3982979,120.8787155,92403800
7/11/2020,122.5457873,124.0276499,121.5903828,122.4190521,115227900
7/12/2020,120.9372039,122.701783,119.2701066,121.6293869,111932600
7/13/2020,119.7965689,120.089044,117.3008094,117.5055389,121229700
7/14/2020,116.8913574,118.382964,116.6768767,116.9790955,185549500
7/15/2020,117.3105495,120.7617208,117.2423063,120.2937622,111912300
7/16/2020,120.2352729,121.1224343,119.0751313,119.4650955,95467100
7/17/2020,119.7380678,119.8160621,117.0570737,117.0765686,88530500
7/18/2020,116.540378,118.6071835,116.0139274,117.5640259,98844700
7/19/2020,117.3300517,118.4317013,115.9359344,118.1684723,94071200
7/20/2020,118.5974262,119.50409,117.7005137,118.3439484,80819200
7/21/2020,117.0960641,117.378788,115.8774305,116.8913345,85671900
7/22/2020,118.5974388,120.4205101,118.1099853,119.0848923,118323800
7/23/2020,120.5570011,121.0639495,119.4163543,119.913559,75089100
7/24/2020,120.7617163,122.9942539,119.9817878,122.7407761,88651200
7/25/2020,123.3257155,123.9399041,122.4970462,123.0429916,80171300
7/26/2020,122.672548,124.7101,121.9998598,124.6906052,83466700
7/27/2020,125.7142524,127.1181208,125.2950495,127.0888748,88844600
7/28/2020,126.5429437,129.7016332,126.2212226,129.6626434,106686700
7/29/2020,129.1946569,129.5163779,127.3520836,127.9467773,91420000
7/30/2020,129.1166769,131.2809715,128.6194648,131.0567322,91266500
7/31/2020,131.5539164,131.6124084,128.3562235,128.7169342,87222800
8/1/2020,130.4620552,131.6124382,130.2865642,131.1249847,89347100
8/2/2020,130.9300197,131.2907306,129.9356104,130.7935333,84922400
8/3/2020,130.1598385,132.0706629,129.9941061,131.4564667,94264200
8/4/2020,131.6319273,132.1291245,128.5024698,129.7698517,94812300
8/5/2020,129.0386921,130.3938122,128.005293,130.1500854,68847100
8/6/2020,129.7016308,130.7837783,128.1125424,128.6292419,84566500
8/7/2020,128.8437211,131.7294377,128.8437211,130.9495239,78657500
8/8/2020,131.4467026,131.6709271,130.2085667,131.3394623,66905100
8/9/2020,131.6221989,132.0121706,130.7447884,131.0177612,66015800
8/10/2020,130.9397357,131.6319261,129.7406044,130.2280579,107760100
8/11/2020,133.0455465,133.6304966,129.1264165,130.1305695,151101000
8/12/2020,128.4732479,130.2085812,127.7810723,128.1612854,109839500
8/13/2020,128.7267188,130.7057938,128.5219967,129.2141724,75135100
8/14/2020,127.8980543,128.1905294,123.5207164,124.641861,137564700
8/15/2020,125.9579707,127.1766043,124.7588393,124.885582,84000900
8/16/2020,124.6808747,126.4942026,123.9399432,126.4844589,78128300
8/17/2020,127.7832715,128.183651,126.4453701,127.1582718,78973300
8/18/2020,126.3770049,126.503948,123.8379355,123.8769989,88071200
8/19/2020,120.6055251,123.3106012,119.8926309,122.9590454,126142800
8/20/2020,120.5078633,121.7187992,119.3848145,119.8926239,112172300
8/21/2020,121.6601873,123.1933905,121.3476875,122.0410461,105861300
8/22/2020,123.2910715,124.8926341,122.9004448,124.462944,81918000
8/23/2020,123.8477052,123.9551277,122.236375,123.3105927,74244600
8/24/2020,123.5937955,124.0137179,121.8555148,121.9238739,63342900
8/25/2020,120.2734915,121.9922368,119.9805196,121.7676315,92612000
8/26/2020,122.2949875,124.7266273,122.1680296,124.3262329,76857100
8/27/2020,124.8242803,125.000062,122.2754504,122.4902954,79295400
8/28/2020,123.0567047,124.9414716,122.9883456,124.1211548,63092900
8/29/2020,124.8242631,125.3125519,123.3594188,123.925827,72009500
8/30/2020,123.9844214,124.4043437,123.4570766,123.8769989,56575900
8/31/2020,123.47662,124.6484925,122.1484938,122.3438034,94625600
9/1/2020,122.6270137,122.8516265,121.6309228,121.6895142,71311100
9/2/2020,122.1484789,122.4121476,121.0351979,121.3672256,67637100
9/3/2020,121.3672266,122.304726,121.1426213,122.1289444,59278900
9/4/2020,121.7578504,121.9238643,120.2441751,120.6445694,76229200
9/5/2020,121.1621698,123.2031903,120.9473248,122.9395142,75169300
9/6/2020,123.2129256,123.3594115,121.904335,122.9492569,71057600
9/7/2020,123.6328588,125.4492738,123.2519999,123.769577,74403800
9/8/2020,124.2285632,124.7559081,123.5547324,124.1504364,56877900
9/9/2020,124.0430187,125.1856029,122.9883364,123.1543503,71186400
9/10/2020,123.5645065,124.4531823,123.1445841,124.3652878,53522400
9/11/2020,124.8242599,127.4805045,124.0918378,127.4219131,96906500
9/12/2020,126.8945954,127.5391305,126.3574828,126.6016235,62746300
9/13/2020,127.3144773,127.822294,125.4492538,127.0996323,91815000
9/14/2020,126.757867,129.443415,126.6113736,128.7012177,96721700
9/15/2020,127.6465379,128.4277762,127.1875521,127.4023972,108953300
9/16/2020,127.2461239,129.3066718,126.1816741,129.1992493,79663300
9/17/2020,129.0332722,130.937567,128.5352155,130.8399048,74783600
9/18/2020,130.6348338,131.1719465,130.1074815,130.5664673,60214200
9/19/2020,131.2988831,131.4844324,129.8145032,130.2832642,68711000
9/20/2020,130.3320984,130.7520133,129.6973235,129.9902954,70783700
9/21/2020,130.2832683,132.0801406,130.2246769,131.6211548,62111300
9/22/2020,131.6406715,133.291065,131.2012212,133.1348114,64556100
9/23/2020,132.9785832,134.1895267,132.6856113,133.7500763,63261400
9/24/2020,133.3984697,134.1113563,132.5781457,134.0527649,52485800
9/25/2020,134.6680014,136.7187892,134.521523,136.6797333,78852600
9/26/2020,136.7872178,139.7950194,136.7872178,138.6915131,108181800
9/27/2020,140.1758736,141.4942399,139.3165082,141.1817474,104911600
9/28/2020,138.2617756,140.6836474,137.3730998,139.8828735,105575500
9/29/2020,139.4043413,142.2363675,139.3066791,141.7090302,99890800
9/30/2020,142.7833023,142.8907249,140.6250912,141.1133728,76299700
10/1/2020,140.6543717,144.0039907,140.2637525,142.2266388,100827100
10/2/2020,144.6289333,146.0644816,144.2187639,145.6543121,127050800
10/3/2020,145.7422584,146.4844409,143.6426391,145.000061,106820300
10/4/2020,144.9805069,146.2500265,142.4609733,142.9590149,93251400
10/5/2020,140.3809086,140.6934158,138.3496561,139.1113739,121434600
10/6/2020,140.0977136,143.6524018,139.6094322,142.7246552,96350000
10/7/2020,142.1192218,142.7051656,141.240321,141.9922638,74993500
10/8/2020,142.5195762,144.7266027,142.3926182,143.3594208,77338200
10/9/2020,144.091878,145.234455,143.4766385,145.0782013,71447400
10/10/2020,144.7949814,146.3184171,144.2383335,145.4981079,72434100
10/11/2020,145.6250375,145.7129395,142.1387161,143.3301239,104818600
10/12/2020,141.4160784,143.5254579,139.1992763,141.5820923,118931200
10/13/2020,141.2989069,143.1153147,141.1914844,142.2266388,56699500
10/14/2020,140.9961281,142.9004224,140.732452,142.4414368,70440600
10/15/2020,142.9297453,143.5059138,141.8457599,142.109436,62880000
10/16/2020,142.3926204,144.5703513,141.7773811,143.9062958,64786600
10/17/2020,143.8184124,144.3262144,142.8516098,143.5059052,56368300
10/18/2020,143.5352002,144.3750448,142.7441867,143.613327,46397700
10/19/2020,143.1341182,143.8774127,142.4299383,142.9287262,54126800
10/20/2020,142.9874205,143.4764336,142.3223699,142.879837,48908700
10/21/2020,143.2221733,144.4642708,142.1072239,142.4006348,69023100
10/22/2020,142.8406888,143.4959643,142.3321111,142.6548615,48493500
10/23/2020,142.977619,145.7747739,142.6353039,145.6182861,72282600
10/24/2020,145.6965518,146.1562252,145.0119365,145.8237,59375000
10/25/2020,145.275977,147.8677549,143.2514709,147.7992859,103296000
10/26/2020,146.9288545,148.3469893,145.8139053,146.88974,92229700
10/27/2020,146.5082867,147.4080688,142.9384831,143.1438751,86326000
10/28/2020,141.8431234,144.7478621,141.3247707,143.4764252,86960300
10/29/2020,144.2001961,145.2369016,143.5546952,144.9337158,60549600
10/30/2020,145.0510124,146.8897058,144.6402433,146.4202576,60131800
10/31/2020,146.1659822,147.5450025,145.8725715,146.3322449,48606400
11/1/2020,146.5180799,147.0168827,144.5522529,145.0999451,58991300
11/2/2020,145.0901874,145.8432568,144.268634,144.2979736,48597200
11/3/2020,144.2392869,145.4813842,143.6035759,145.3346863,55802400
11/4/2020,145.7258781,150.1172204,145.3444486,149.7553406,90956700
11/5/2020,149.3054462,149.4423692,147.9655405,148.4936829,86453100
11/6/2020,149.4717127,151.5744626,148.9924746,149.1587372,80313700
11/7/2020,150.4888638,151.3201919,149.0511643,150.2736969,71115500
11/8/2020,150.3812814,151.2321742,149.7260057,150.9094238,57808700
11/9/2020,151.5646965,153.8043695,150.9974396,153.2469025,82278300
11/10/2020,153.5305182,153.5891974,150.5964402,151.7016144,74420200
11/11/2020,152.0733047,152.6796762,150.567136,150.6845093,57305700
11/12/2020,151.5940605,152.0635089,145.4324925,145.6965637,140893200
11/13/2020,147.3200485,148.0926824,145.481355,146.2637787,102404300
11/14/2020,147.0462435,147.7504236,143.681831,144.8652344,109296300
11/15/2020,145.2955451,146.1562128,143.1536657,145.7552185,83281300
11/16/2020,145.1782228,145.6965756,143.9850296,145.5205231,68034100
11/17/2020,145.5498405,145.5498405,142.5570683,142.8504791,129868800
11/18/2020,140.6401601,141.6573007,138.1657552,139.799057,123478900
11/19/2020,140.7672876,141.4225782,139.6425635,140.2782745,75834000
11/20/2020,141.2758656,143.2123531,140.542346,142.6451111,76404300
11/21/2020,143.4275394,143.8480985,142.4397383,143.6035919,64838200
11/22/2020,142.4592667,144.2294914,142.3614582,143.6915741,53477900
11/23/2020,142.273422,142.75266,140.6596853,142.1756134,74150700
11/24/2020,140.102223,141.569262,138.5765048,138.7916718,108972300
11/25/2020,139.3394077,141.2758956,138.9090738,139.6914978,74602000
11/26/2020,140.5032414,141.2074214,138.1755343,138.3907013,89056700
11/27/2020,138.7818767,139.7794673,136.0531908,139.5153961,94639600
11/28/2020,138.6449581,139.0850817,135.231657,136.0825348,98322000
11/29/2020,136.4248495,139.114421,136.2977014,138.0092468,80861100
11/30/2020,136.40528,139.0263824,135.3294455,138.8796844,83221100
12/1/2020,139.9164004,141.0509141,139.5838751,140.1413422,61732700
12/2/2020,140.8650771,141.011775,139.4273777,139.759903,58773200
12/3/2020,139.1437932,141.6279732,138.6938946,139.6719208,64452200
12/4/2020,140.0826575,140.1022222,137.9407783,138.4004517,73035900
12/5/2020,138.1364101,138.2928829,136.1412285,137.8136597,78762700
12/6/2020,138.9872913,140.7184017,138.4004697,140.6010284,69907100
12/7/2020,140.6108075,141.7159668,140.3565112,141.6572876,67940300
12/8/2020,140.2978254,143.6133329,140.0142044,143.3297119,85589200
12/9/2020,143.7795892,145.8921289,143.3297057,145.4911346,76378900
12/10/2020,145.4324714,146.4594017,144.8652145,145.9801636,58418800
12/11/2020,145.5400825,146.3518461,144.6207354,146.1953583,61421000
12/12/2020,146.4007404,146.8799637,145.3738099,145.4227142,58883400
12/13/2020,145.412909,146.0877494,144.3762038,145.3737946,50720600
12/14/2020,146.0486085,147.5254222,145.7356331,146.0388336,60893400
12/15/2020,146.0779658,146.4398306,145.2270879,145.5791779,56094900
12/16/2020,146.5278512,149.8042291,146.4300426,149.2174225,100077900
12/17/2020,143.9850219,146.6452544,143.192823,146.5083313,124953200
12/18/2020,145.7161224,146.4105126,144.5522689,145.6867828,74588300
12/19/2020,145.3933339,148.2393928,145.3835441,146.7234497,69122000
12/20/2020,147.0853288,148.6306116,146.5278617,148.1611633,54511500
12/21/2020,148.2491783,149.0804915,147.3298315,147.642807,60394600
12/22/2020,148.769159,149.0727871,146.9767577,148.1716919,65463900
12/23/2020,148.2990548,148.455771,147.074738,147.3489838,55020900
12/24/2020,147.1139128,148.3186364,146.9767899,147.71138,56787900
12/25/2020,146.9376108,147.0453513,144.8121986,144.8807526,65187100
12/26/2020,145.8994028,146.3597322,144.6456885,144.8317871,41000000
12/27/2020,145.3802737,147.3097982,144.4497958,146.9082336,63804000
12/28/2020,147.2803769,148.7593609,146.3596885,146.917984,59222800
12/29/2020,146.8592579,148.3774138,146.2715798,147.8974762,59256200
12/30/2020,147.8974744,151.8152883,147.8876853,150.336319,88807000
12/31/2020,150.5517972,155.409878,149.9053544,154.6263123,137827700
1/1/2021,154.4108573,157.7116261,153.313874,157.2512817,117305600
1/2/2021,158.3580062,162.2954128,157.6919851,157.7115784,117467900
1/3/2021,157.8095171,158.4755531,155.7918456,158.0935669,96041900
1/4/2021,157.4471494,158.8085891,156.3599554,158.6127014,69463600
1/5/2021,156.2914055,157.1533145,153.1473532,153.5881042,76959800
1/6/2021,156.095482,157.8780943,155.5273972,156.9476166,88748200
1/7/2021,156.7027902,162.1191675,156.6342213,161.9036865,174048100
1/8/2021,164.038878,166.8009443,161.149493,161.3845673,152052500
1/9/2021,155.4784486,160.8262561,154.5577599,160.3952942,136739200
1/10/2021,160.6499717,161.5706604,156.4383186,158.5147552,118023100
1/11/2021,160.9143975,164.4306467,160.9046084,161.9232483,107497000
1/12/2021,165.6059834,168.0546169,164.8811825,167.6628265,120405400
1/13/2021,168.5933571,172.3446663,167.1927307,171.4827423,116998900
1/14/2021,171.3162186,173.1184095,170.3465543,170.9734039,108923700
1/15/2021,171.6100361,175.9392183,171.1007162,175.7629089,115402700
1/16/2021,177.3986154,178.387873,171.9234738,172.1291656,153237000
1/17/2021,171.6492339,174.0880786,168.6717017,170.7481384,139380400
1/18/2021,171.5120703,175.8118697,168.769598,175.6159821,131063300
1/19/2021,175.5964252,177.4182094,167.2416879,168.7206573,150185800
1/20/2021,166.4384969,169.90577,166.2034376,167.623642,195432700
1/21/2021,164.8224245,167.0751704,164.0192805,166.2622223,107499100
1/22/2021,168.0350275,169.6413305,165.6451588,169.4356537,91185900
1/23/2021,169.4846193,172.2466852,168.6129063,172.0312042,92135300
1/24/2021,172.2368927,173.2163462,171.6688079,172.6580505,68356600
1/25/2021,173.4514277,176.7130099,173.4318494,176.6248627,74919600
1/26/2021,176.4583205,177.6042791,174.8618067,175.6061859,79144300
1/27/2021,175.6453755,176.9186679,174.4798236,175.6943512,62348900
1/28/2021,175.7825302,176.8599351,174.4308795,174.53862,59773000
1/29/2021,174.4308443,175.5474205,173.6178962,173.9215393,64062300
1/30/2021,174.1761716,179.1224134,174.058642,178.2702789,104487900
1/31/2021,178.8776194,179.1812476,175.4397276,176.0078125,99310400
2/1/2021,175.9196433,176.4681349,171.0517582,171.326004,94537600
2/2/2021,169.1515872,171.6981719,168.1133691,168.4659729,96904000
2/3/2021,169.3377304,170.5620473,167.5159461,168.6325226,86709100
2/4/2021,165.6059537,168.9556819,164.7146477,168.6520538,106765600
2/5/2021,168.7794557,171.5806787,167.3102753,171.4827423,76138300
2/6/2021,172.5013512,173.5395695,171.2280735,171.9234772,74805200
2/7/2021,172.1682873,172.9910245,168.2602636,168.6520538,84505800
2/8/2021,167.8195726,170.2094418,167.5747092,169.5140381,80440800
2/9/2021,167.9860447,168.9948805,165.9292015,166.3111877,90956700
2/10/2021,166.5070884,167.5648999,162.5305097,162.8145447,94815000
2/11/2021,163.5491186,166.1936397,160.8066462,161.1298676,91420500
2/12/2021,161.0417245,162.9124841,158.9652881,159.0730286,122848900
2/13/2021,156.732154,158.9653068,151.5214542,158.2992706,162294600
2/14/2021,155.7135046,159.4158374,153.7937842,156.4970703,115798400
2/15/2021,160.1406355,161.0123484,154.5773472,156.4089203,108275300
2/16/2021,159.1122083,160.473648,155.0278893,155.9485779,121954600
2/17/2021,162.3052072,166.8498697,159.4549946,166.8302765,179935700
2/18/2021,166.663818,171.4043695,166.0271642,171.1888885,115541600
2/19/2021,170.4346761,171.2476242,168.7696084,171.0223541,86213900
2/20/2021,171.1594655,172.2662525,169.7686436,172.227066,84914300
2/21/2021,170.8950112,172.6188586,168.5835008,169.3474731,89418100
2/22/2021,168.3667906,170.7401009,167.3860893,169.0630951,82465400
2/23/2021,169.5240371,170.592998,167.6508939,168.3471985,77251200
2/24/2021,168.4158289,171.9659778,168.1216155,171.4560089,74829200
2/25/2021,172.6524641,173.2408759,171.5246487,172.8780212,71285000
2/26/2021,170.7792839,172.0934197,168.2392717,168.7982635,90865900
2/27/2021,169.0042577,169.7397837,164.7970408,165.3854675,98670700
2/28/2021,164.139981,166.3073376,163.3456153,165.6208496,86185500
3/1/2021,167.6704995,169.6122838,166.9643934,169.455368,62527400
3/2/2021,168.5335285,169.9947639,166.7682632,169.2200165,61177400
3/3/2021,167.7293515,168.5923735,165.2187585,165.6208496,69589300
3/4/2021,166.5427064,167.2487976,162.9827558,164.0713348,82772700
3/5/2021,161.796101,163.4731068,159.0207144,161.1488495,91162800
3/6/2021,162.3452721,162.9435004,156.6670186,156.9808502,90009200
3/7/2021,149.6353916,159.7071972,149.0665831,159.5993195,141147500
3/8/2021,160.6780918,161.9333882,157.7654078,161.6686096,91974200
3/9/2021,159.913138,162.2275935,159.2952915,161.9333801,95056600
3/10/2021,161.5214975,163.3848389,158.8441872,160.0504456,83474400
3/11/2021,161.2174915,164.1301756,159.8052792,163.3456116,79724800
3/12/2021,165.218749,165.6502599,162.355103,163.0219727,76678400
3/13/2021,161.3155903,162.3551314,158.9717143,160.0210571,83737200
3/14/2021,160.2073839,161.8353518,155.9707466,156.2257385,96418800
3/15/2021,155.7549685,159.7366129,152.7932467,154.4015961,131148300
3/16/2021,158.3636504,160.2564118,156.3336064,159.8052826,91454900
3/17/2021,157.108356,157.2946917,152.9697951,155.4607849,105342000
3/18/2021,155.8628543,156.2061058,151.5183546,151.7439117,96970100
3/19/2021,148.5271949,151.1456653,147.2032572,147.7132111,108732100
3/20/2021,147.9878434,152.5677323,147.4778894,152.0969849,92964300
3/21/2021,154.0191268,156.9121924,151.4791143,156.5101013,102300200
3/22/2021,155.5490139,157.8928891,154.587931,157.5202179,75615400
3/23/2021,157.4123644,161.3057498,156.6768384,160.8153992,123511700
3/24/2021,160.3544483,163.1396511,159.8640977,162.1883698,95811400
3/25/2021,162.3158776,166.1504236,161.7274658,165.5620117,81532000
3/26/2021,164.7479827,169.3082369,164.414533,166.9251404,98062700
3/27/2021,167.7587727,170.7793347,166.9251855,170.7106934,90131400
3/28/2021,170.5243286,171.8973043,169.4161315,171.348114,80546200
3/29/2021,168.8473529,172.3386474,168.6806355,172.2111664,90371900
3/30/2021,173.280136,175.5553555,172.9368845,175.5063324,100589400
3/31/2021,175.1041944,176.1437352,173.2898912,174.3392487,92633200
4/1/2021,174.407895,174.5942306,171.0342805,171.2402344,103049300
4/2/2021,170.671465,171.5050672,168.6218026,170.9460602,78751300
4/3/2021,171.2010586,175.0454065,171.0735626,174.9963684,76468400
4/4/2021,174.0745088,174.859073,171.0539465,171.6815948,73401800
4/5/2021,169.0336406,170.2791352,166.8466814,168.5138702,89058800
4/6/2021,167.8568642,170.0144044,166.5721476,168.8179474,77594700
4/7/2021,168.4648674,168.4648674,165.9346563,166.8074799,76575500
4/8/2021,165.4541059,165.7679225,162.3060485,162.5512238,72246700
4/9/2021,164.7774305,166.5917189,163.424058,164.4243774,79265200
4/10/2021,164.1595904,167.7391442,163.5515604,167.111496,70618900
4/11/2021,167.3272684,167.9647333,161.8549528,162.1001282,75329400
4/12/2021,160.7565686,163.3848561,160.4133321,161.8843842,69023900
4/13/2021,161.835329,164.5812955,160.7467499,164.1693878,67723800
4/14/2021,165.503142,165.6208364,162.894488,164.0026703,67929800
4/15/2021,165.6502802,168.2197131,162.7081759,163.2083282,87227800
4/16/2021,163.247552,164.6303295,158.3832668,158.6676636,84882400
4/17/2021,158.0106045,160.0210454,155.4019502,159.7366486,96046400
4/18/2021,159.1188224,159.2070819,153.6955442,153.7740021,95623200
4/19/2021,152.9011345,156.7062451,152.381364,153.5484009,88063200
4/20/2021,156.1766859,161.3449861,155.8628543,160.4819641,130216800
4/21/2021,158.7167002,162.9925586,154.2152847,154.6075592,131747600
4/22/2021,153.6856988,155.1763539,150.3120841,154.9115753,123055300
4/23/2021,155.0979024,157.6085103,153.3032322,156.4022369,88966500
4/24/2021,156.5885659,163.267139,156.1864748,162.8160248,108256500
4/25/2021,160.6879358,160.913493,151.9596841,153.7445679,130525300
4/26/2021,153.2239736,156.5927286,151.4266519,154.4712982,116124600
4/27/2021,152.1632868,153.0472238,148.7847302,149.3445435,131577900
4/28/2021,152.7427821,153.9409969,150.199022,151.7508087,115366700
4/29/2021,150.7588463,152.6740209,143.2061695,143.8838501,142689800
4/30/2021,140.2204166,143.5891564,136.3213117,140.0141602,182602000
5/1/2021,142.0079231,145.4552515,140.554357,144.4829254,113990900
5/2/2021,142.9507795,144.8856006,141.6052347,142.9409485,86643800
5/3/2021,146.2017018,147.0954549,144.0606238,146.5749207,78336300
5/4/2021,144.2275993,144.7284865,137.4016985,138.3052826,109742900
5/5/2021,137.3820816,139.1302939,134.1606558,134.8972626,136095600
5/6/2021,136.6061324,138.1873816,130.2418562,135.1329193,137426100
5/7/2021,135.3294076,140.7017282,135.1919082,140.5544128,117726300
5/8/2021,138.2954461,139.4347347,134.8775953,137.8534851,104132700
5/9/2021,135.9579467,139.2579453,135.8695574,138.0106354,92482700
5/10/2021,134.936529,141.7624149,134.6909934,141.2124176,90601500
5/11/2021,142.7936538,147.0070373,142.6659705,146.9677582,90978500
5/12/2021,146.4079561,147.9695587,144.2177681,146.1820526,103718400
5/13/2021,147.2231036,149.0302566,145.0427469,146.0543671,74286600
5/14/2021,145.1900746,148.568646,144.2373955,148.5097198,72348100
5/15/2021,144.2766894,145.3275888,141.8802749,142.783844,88570300
5/16/2021,144.4043488,145.916856,142.3123813,143.5302429,71598400
5/17/2021,141.7722267,146.3391817,141.5266911,146.0543671,67808200
5/18/2021,145.926703,147.1936599,144.8267084,145.3177795,53950200
5/19/2021,144.4534875,145.3079465,139.9847372,140.0927734,69473000
5/20/2021,137.774894,138.246318,134.6123952,134.6811523,91437900
5/21/2021,130.4972288,132.7856219,129.0927726,129.5249176,122207100
5/22/2021,130.7526088,131.4990315,129.132065,130.3892059,84784300
5/23/2021,131.8918939,134.8874312,129.7999408,133.0115356,91533000
5/24/2021,129.7213352,130.0257968,126.7356147,127.7374039,108123900
5/25/2021,127.7472198,130.7034619,127.4918533,129.2106018,134520300
5/26/2021,131.037404,134.6124008,130.9391988,133.4436493,81000500
5/27/2021,132.3829711,135.2999353,131.5186959,132.9329834,73409200
5/28/2021,134.3767236,136.1151048,133.2079718,135.800827,72433800
5/29/2021,137.4016845,139.3757998,137.2740162,139.1302643,89116800
5/30/2021,140.1516856,140.9275863,138.4525838,139.1302643,70207900
5/31/2021,139.5918598,140.8588165,134.8677587,134.985611,67083400
6/1/2021,135.0052865,138.1579549,134.2293857,136.7436676,66242400
6/2/2021,134.799007,135.8990014,131.3811566,134.2784729,98964500
6/3/2021,133.6105999,136.5570261,133.2373961,136.4489899,71051600
6/4/2021,135.3097164,139.0811383,134.4847056,139.0320282,73353800
6/5/2021,138.8258118,141.546335,138.5606292,140.3677673,74064300
6/6/2021,140.7311436,143.9329367,140.7213276,143.7365112,66253700
6/7/2021,142.6659726,144.9150867,142.410621,144.4141846,64547800
6/8/2021,143.0686452,144.0213243,141.2123971,142.2829285,63141600
6/9/2021,143.1570746,145.7990401,142.4597618,143.2552948,77588800
6/10/2021,140.4365207,143.8347244,139.5820468,142.8918762,71185600
6/11/2021,141.5070458,146.2900733,140.691866,145.8186493,78140700
6/12/2021,147.1052616,148.165977,145.5534751,147.4882965,76259900
6/13/2021,148.0481091,148.8632888,144.0802465,144.4436493,81420900
6/14/2021,145.278497,148.5293859,144.2865386,148.3034973,82982400
6/15/2021,148.4213412,150.9749172,147.6847344,150.3070526,64823400
6/16/2021,151.7409636,152.7918629,149.226682,152.5757904,65086600
6/17/2021,152.6150752,153.4891812,150.6704379,151.3382874,66675400
6/18/2021,151.2597115,152.2713167,149.5606097,150.2186432,53623900
6/19/2021,149.540979,150.3561589,148.1070597,148.8927765,55138700
6/20/2021,149.8552415,154.5204164,149.4427436,153.9900513,78620700
6/21/2021,154.1766668,154.8248842,151.6525693,154.5400696,81378700
6/22/2021,158.3606005,160.7079195,156.6516678,159.6079102,101786900
6/23/2021,158.1347071,160.6686357,158.0168548,158.6257782,67829400
6/24/2021,157.2409768,159.509723,156.7793688,157.1525726,59907000
6/25/2021,157.9677438,163.6150613,157.8793546,163.1632843,82507500
6/26/2021,163.045455,164.2043909,161.4936682,162.8490295,55474100
6/27/2021,160.5180844,163.1145407,160.3115415,162.6227875,56697000
6/28/2021,163.6259708,165.0422226,161.4917635,162.1507111,60276900
6/29/2021,161.3147403,163.085055,160.5574361,162.1998901,63135500
6/30/2021,164.9143562,166.5469806,164.1472224,166.4486389,70170500
7/1/2021,167.2551112,168.16978,165.4159588,165.7110138,57149200
7/2/2021,167.019081,169.3303123,166.6059951,169.2614746,68039400
7/3/2021,168.6910269,170.5301791,168.5238326,170.3334808,54091700
7/4/2021,169.930286,170.8449551,168.8287633,170.1761627,56377100
7/5/2021,169.9204108,173.2446523,169.7237125,171.671051,79542000
7/6/2021,170.8842371,172.0152635,170.2646233,171.2776337,62290100
7/7/2021,170.1761449,170.8744411,168.4845123,168.6910553,70346300
7/8/2021,166.8912272,167.0584215,164.3832825,164.8061981,69026800
7/9/2021,164.3242665,165.9273869,163.9013509,164.4717865,54147100
7/10/2021,164.5603177,165.3372813,163.5079586,164.7668457,53841500
7/11/2021,165.9962181,167.3337875,165.5733176,167.2256012,51218200
7/12/2021,167.7567077,168.2287866,160.8623177,160.9213257,78961000
7/13/2021,158.4920597,160.213196,157.1840093,158.718277,73314000
7/14/2021,159.4559243,159.8788249,155.1186568,156.289032,77906200
7/15/2021,157.6658924,157.9314433,154.5481793,154.6268616,87991100
7/16/2021,154.0564548,155.8070951,152.1189458,155.3546906,74229900
7/17/2021,157.1151451,157.7150846,152.4139858,153.2401276,76957800
7/18/2021,153.8892827,154.499052,151.1551355,151.9812775,73714800
7/19/2021,152.266453,154.0859306,151.0764037,153.3876495,87449600
7/20/2021,152.0894385,153.7810708,150.1617592,151.9124146,84923800
7/21/2021,152.9057577,155.217004,152.1976318,154.7744141,68028800
7/22/2021,156.957805,161.5507788,156.6725947,160.7344666,104956000
7/23/2021,157.2626742,157.8921177,150.8403783,151.3026276,122656600
7/24/2021,152.2369398,154.5088521,151.0764095,152.7483673,87965400
7/25/2021,152.0992351,152.6795152,148.8831805,149.856842,90481100
7/26/2021,148.7159991,148.8536894,145.9228297,148.2144012,162278800
7/27/2021,146.8473562,152.0107655,146.6408283,151.9320831,81474200
7/28/2021,150.8698766,155.4726944,150.5551624,154.312149,107689800
7/29/2021,154.7449203,156.1218385,151.0666154,151.1846313,101696800
7/30/2021,149.8667317,151.9222568,148.4209759,150.2207947,86652500
7/31/2021,148.696327,148.9717075,146.1097005,147.9488525,96029900
8/1/2021,147.1915715,151.2337834,147.1718971,148.2832642,93339400
8/2/2021,150.2207746,152.1681131,147.4767833,149.2569275,84442700
8/3/2021,145.2048953,148.1554147,142.4510742,147.3686066,146691400
8/4/2021,143.6902774,144.3000465,138.35966,140.1299744,128138200
8/5/2021,138.9497794,140.7397682,135.7238797,135.920578,124925300
8/6/2021,135.9304365,140.7102786,135.419009,140.1004944,114311700
8/7/2021,142.6379333,143.8083083,141.8806292,143.6902924,87830100
8/8/2021,141.6938095,144.9492141,140.6512799,143.9853668,79471000
8/9/2021,143.4050788,145.1065408,142.8248136,143.0313416,68402200
8/10/2021,140.1890068,140.739783,137.1499754,137.7794189,85925600
8/11/2021,138.1039581,139.5497136,136.2844804,138.1039581,74899000
8/12/2021,137.5925531,139.0186495,135.9402693,136.6877289,77033700
8/13/2021,136.8352671,138.0449759,135.8812646,136.0582886,70433700
8/14/2021,132.7635547,141.221702,132.1537704,140.6316071,113224000
8/15/2021,141.9298276,142.1363706,135.9107723,136.097641,88598000
8/16/2021,138.743232,140.5430352,137.956424,140.0611267,85250900
8/17/2021,143.090381,144.2804156,138.290864,141.3790741,99136600
8/18/2021,139.3530214,142.5592467,139.1661527,141.4872284,61758300
8/19/2021,140.6611317,143.4837912,140.2972241,141.0250244,64522000
8/20/2021,140.5135659,145.411439,140.2971933,144.8410034,86548600
8/21/2021,144.762312,147.7521649,143.591937,146.9850311,75981900
8/22/2021,147.6144877,149.9749123,146.8965321,149.8273773,74732300
8/23/2021,148.4701342,149.4831446,145.5982822,146.8866882,88194300
8/24/2021,145.6278136,146.5916458,141.7527956,142.4117432,109180200
8/25/2021,145.7556774,154.9022919,145.3819551,153.1713257,164762400
8/26/2021,150.6338586,151.6960474,149.4143051,150.8108826,97943200
8/27/2021,152.5222258,152.8861185,146.6703638,148.1652832,80379300
8/28/2021,146.4932673,149.6601589,142.6084202,142.6379242,93604600
8/29/2021,139.7169294,140.4447296,136.4615253,136.589386,97918500
8/30/2021,139.9782325,140.5496142,132.3828281,136.3233795,140814800
8/31/2021,135.0722948,137.08197,133.6536934,136.8553925,83374600
9/1/2021,138.3232217,139.3280516,135.4466207,137.4267426,89908500
9/2/2021,136.4416105,136.4908704,132.5897174,132.8655548,74917800
9/3/2021,139.1408788,144.6871948,137.4267335,144.6871948,118854000
9/4/2021,143.6528334,147.7805491,142.2243712,147.4751587,93979700
9/5/2021,146.7559957,148.046524,145.2388749,146.0762482,73374100
9/6/2021,149.9577131,151.3073474,146.3521043,147.8101044,89868300
9/7/2021,146.9136479,147.6426405,145.1009824,146.5786896,64218300
9/8/2021,144.2537306,149.2286798,143.9778932,148.4799805,80389400
9/9/2021,150.0463334,150.4305365,147.7411146,149.0414886,74829600
9/10/2021,147.928328,148.1351985,145.5245888,145.8102722,58724100
9/11/2021,145.9284774,148.1844365,144.7463,147.947998,51804100
9/12/2021,147.22888,149.5735134,147.1205142,148.8248138,58301400
9/13/2021,146.1058075,146.6673434,144.933491,145.908783,35195900
9/14/2021,142.9829242,144.4606312,141.2490868,142.0765991,69246000
9/15/2021,142.1455245,142.6578004,138.2640942,139.0718994,83763800
9/16/2021,139.2985018,146.5097189,138.4611436,145.8299713,111380900
9/17/2021,146.0073149,146.9136401,144.431088,146.1058197,71250400
9/18/2021,143.7907393,145.8004141,143.4853339,145.6132355,65447400
9/19/2021,145.5738471,148.6770258,143.6035711,144.4507904,68826400
9/20/2021,144.8842965,145.1108741,139.8108252,140.7861176,64727200
9/21/2021,140.0767747,141.2392303,137.91932,138.8453522,69721100
9/22/2021,140.2442391,141.3870027,139.0029707,140.5299225,62128300
9/23/2021,140.224513,143.406519,138.8059122,140.0471954,76097000
9/24/2021,140.579185,142.3524363,138.9635593,142.3425903,70462700
9/25/2021,147.2781342,147.7411503,142.0963136,143.3080292,93886200
9/26/2021,143.1898295,144.480358,139.0620984,141.0816345,82291200
9/27/2021,139.0127995,139.692547,134.0082975,134.4713135,98931900
9/28/2021,134.6585187,135.6042428,131.7425036,132.51091,160156900
9/29/2021,133.1019934,133.1906523,129.3683271,130.40271,79592600
9/30/2021,129.4372612,131.2696182,127.9595544,130.3337402,77432800
10/1/2021,131.0036284,134.7767083,130.7770509,133.4369202,85928000
10/2/2021,132.3532574,132.5601279,128.3634467,130.2647552,77852100
10/3/2021,128.9742669,130.451974,127.7132915,129.9002991,63814900
10/4/2021,129.4274307,129.4569836,126.8069601,128.0974884,69007800
10/5/2021,127.7428342,129.0826224,123.9993145,124.1667862,85438400
10/6/2021,126.0877974,128.5407886,125.8316669,127.6837234,75703700
10/7/2021,126.5015711,128.018677,125.5361326,127.99897,77034200
10/8/2021,128.3437804,128.9545611,122.3245864,123.2112122,112117500
10/9/2021,125.0041394,126.7478375,123.2210423,124.4820175,89113600
10/10/2021,125.2405909,125.8710787,122.9058187,123.1619492,80962700
10/11/2021,124.1372394,128.3536213,123.0338822,127.6935806,87754700
10/12/2021,128.5309496,131.4272576,127.9595678,128.2156982,70790800
10/13/2021,128.3240628,129.3092008,126.2158682,128.7870789,63896200
10/14/2021,129.2993735,131.5257802,128.5211211,131.5060883,69458900
10/15/2021,131.8902927,132.264635,129.4865534,131.4272766,71379600
10/16/2021,130.0677645,132.9148126,129.7032682,132.7571869,57809700
10/17/2021,132.8261436,135.2495743,132.13655,133.9196472,63646600
10/18/2021,134.7865885,136.5499789,133.0231831,133.2005157,69672800
10/19/2021,132.0873267,134.2250747,131.7819363,133.2596436,58280400
10/20/2021,133.2694499,135.9687331,132.2252062,135.8209534,80223600
10/21/2021,136.0672495,141.1899789,135.8505179,139.0128174,81760300
10/22/2021,138.2247052,141.0323544,138.2148592,140.4117126,66435100
10/23/2021,138.7960934,140.3131993,136.7470045,139.7516785,65799300
10/24/2021,141.0422129,142.1061638,139.7910833,141.8204803,54105100
10/25/2021,141.0323482,145.0418517,140.9535354,143.7611694,70555800
10/26/2021,142.8056023,143.3868301,140.7269607,140.8747253,64015300
10/27/2021,140.5791878,142.1948135,140.1654316,142.1455536,65874500
10/28/2021,141.8303226,144.4310864,139.2197129,143.2686157,77663600
10/29/2021,146.6870435,148.933157,145.967897,148.5785217,118339000
10/30/2021,145.829968,155.0410137,145.6329434,152.2038116,154357300
10/31/2021,150.3025029,150.8246248,148.5390975,149.4749756,69858300
11/1/2021,148.4012097,152.9229902,148.4012097,152.3516083,83322600
11/2/2021,151.5930321,152.2826257,148.9233017,149.6621552,64120100
11/3/2021,151.494517,152.0363459,148.1844528,148.6277618,56007100
11/4/2021,147.4635451,149.3184221,147.2267455,148.9928284,57450700
11/5/2021,148.9336352,152.1994185,148.9040372,151.7949066,62199000
11/6/2021,150.0880195,151.7159883,148.8448556,151.153595,61707600
11/7/2021,151.0647802,153.4228543,150.8378567,153.255127,65573800
11/8/2021,151.4594283,154.2417664,151.301577,151.6567688,68167900
11/9/2021,150.3149274,150.9562387,148.8349643,150.5122528,59144100
11/10/2021,148.1936536,149.278966,146.4275707,146.4966278,58867200
11/11/2021,146.8814243,147.9469997,145.1942745,146.9208984,51011300
11/12/2021,148.0851129,148.3317734,145.2731918,147.4043274,48394200
11/13/2021,145.1448949,145.2238281,143.7734632,144.7502441,55469600
11/14/2021,145.7369206,147.1774098,145.480384,145.9441071,44998500
11/15/2021,145.0857262,147.0886085,144.8686637,145.440918,50547000
11/16/2021,144.8686423,145.263293,143.0729467,143.3689423,55479000
11/17/2021,142.4513915,144.7502695,141.9777925,143.9609528,52238100
11/18/2021,146.0624777,149.0914759,145.3619703,149.0125427,70732300
11/19/2021,151.7356876,154.212169,151.410109,151.7751617,87558000
11/20/2021,151.6468751,151.9724688,149.111213,149.5749359,56182000
11/21/2021,150.7687763,151.4199637,149.8018713,150.8279724,47204800
11/22/2021,151.508774,152.4756791,148.2232536,148.5784454,53833600
11/23/2021,148.2035221,148.9237666,145.6382465,146.5163574,68572400
11/24/2021,145.8355806,151.0943853,145.7270494,148.4600525,84457100
11/25/2021,149.2592284,151.3509051,148.0949979,150.5517273,73695900
11/26/2021,149.1704369,151.2029174,147.9173971,150.9463959,77167900
11/27/2021,150.1274616,154.3700255,149.6144035,153.7681732,76161100
11/28/2021,153.9951103,154.6462977,152.2191514,152.9295349,98944600
11/29/2021,152.9986071,155.711873,152.0908831,155.2974701,73641400
11/30/2021,155.2185488,157.2707512,154.4489541,157.152359,73938300
12/1/2021,157.172106,159.9741662,155.7020037,155.7217407,75701800
12/2/2021,156.7083822,159.3920502,155.5737346,156.8070374,67622100
12/3/2021,156.7379735,158.1981997,155.7414704,158.1094055,59196500
12/4/2021,157.8035245,158.6224392,155.7611684,156.1656952,52390300
12/5/2021,155.8598458,156.3729039,153.8964227,155.5441132,45992200
12/6/2021,157.2411438,158.8987104,157.2214218,158.6224518,51305700
12/7/2021,159.3722932,160.2997391,159.1157716,160.1912079,49501700
12/8/2021,160.2701346,162.7959359,159.7472156,162.6972656,68749800
12/9/2021,162.0757185,164.0687249,162.0263834,163.9503326,56976200
12/10/2021,164.3745702,164.6113547,162.9044682,163.4175262,46278300
12/11/2021,162.5393992,162.8452558,159.6386695,161.5724792,51511700
12/12/2021,160.2602722,162.7564906,159.8360233,162.460495,45390100
12/13/2021,159.2637636,159.8656158,157.9416668,159.8656158,47716900
12/14/2021,160.1813521,160.1912131,158.3659192,158.6520538,47644200
12/15/2021,159.0664295,159.8952052,157.6456626,157.9613953,50133100
12/16/2021,159.4709836,163.5852798,159.2637821,163.3484802,68445600
12/17/2021,162.391415,164.0983166,161.6317114,163.0031433,49386500
12/18/2021,162.8847436,163.1807393,161.8389054,163.0228729,41516200
12/19/2021,163.8812546,165.1737533,163.4372536,164.2463074,49923000
12/20/2021,163.5852665,165.9137425,163.3287299,165.3908234,47720200
12/21/2021,163.871372,165.6275936,163.348453,164.4238892,52456400
12/22/2021,162.8452871,164.2265801,162.29277,162.8156891,58337300
12/23/2021,162.7959578,163.3879491,161.7007844,163.1215515,41949600
12/24/2021,162.9834276,164.088462,161.5429233,161.5823975,48714100
12/25/2021,160.8818329,163.0721792,160.6253114,161.5724792,45498800
12/26/2021,162.9834266,166.308406,162.9834266,166.1604156,64902300
12/27/2021,166.2393302,167.581164,165.6374779,167.4134216,55275900
12/28/2021,167.0187589,168.1731282,166.3873086,167.3246155,52472900
12/29/2021,167.8179488,168.0744853,165.3020084,166.2886505,48425700
12/30/2021,167.2358303,168.6368602,164.9270915,165.2132111,65136000
12/31/2021,162.6874218,164.8086964,162.1151675,163.5753937,81235400
1/1/2022,168.6960656,171.9717246,168.4790031,171.2514801,113453200
1/2/2022,170.1760244,171.5277343,169.8109717,171.1824036,55962800
1/3/2022,170.7384256,171.2218707,169.3077975,169.4755249,45326900
1/4/2022,170.7088123,171.7053154,169.603763,171.2415924,53724500
1/5/2022,171.5277016,172.257807,169.8701354,171.4290314,49514700
1/6/2022,171.5377461,171.9724715,168.9491729,170.500351,45533100
1/7/2022,171.0832715,171.1326749,169.4135375,170.0063477,37266700
1/8/2022,169.9273053,171.0635072,169.7395816,170.0063477,42110300
1/9/2022,169.6506389,170.8559932,168.3761018,170.6188812,57951600
1/10/2022,170.9251902,173.138331,170.5102291,172.9506073,65496700
1/11/2022,174.2745092,174.2745092,172.8419024,173.0592651,55809500
1/12/2022,171.8934313,172.6146872,171.3697889,172.1107941,43570900
1/13/2022,171.0536193,171.300621,169.2258007,169.5024414,50747300
1/14/2022,169.0380934,170.3521443,168.4749373,169.7790985,45143500
1/15/2022,170.3422679,171.8143885,169.6309018,170.9153137,56058300
1/16/2022,171.2413546,173.6619683,171.0338665,173.3260345,54835000
1/17/2022,174.8376958,176.8433485,174.4523737,175.1736145,55964400
1/18/2022,175.2032489,177.1990269,174.6400778,175.1242065,99625300
1/19/2022,175.5687945,177.959769,174.8080251,177.93013,68901800
1/20/2022,178.8588733,179.5998784,177.110097,178.7798309,61996900
1/21/2022,180.4396779,182.7318457,175.9047154,177.4262543,121946500
1/22/2022,177.8116098,177.9598048,175.3020638,177.06073,64848400
1/23/2022,176.2999526,179.036736,175.1933897,175.6873932,61944600
1/24/2022,175.7664272,178.67117,175.3317168,178.4044189,50214900
1/25/2022,179.323251,180.0444918,178.4636898,178.7897339,48900000
1/26/2022,179.0959882,181.6845611,178.7995832,181.5857544,54274900
1/27/2022,180.6076484,181.9414486,180.2519654,181.1115265,54929100
1/28/2022,181.1707897,182.1785608,179.8369897,181.7438354,57462900
1/29/2022,181.7537725,184.283068,181.5759234,183.7791748,65433200
1/30/2022,184.4905147,184.7474061,182.0600263,182.7022247,101256200
1/31/2022,182.1983426,183.8680766,182.1983426,182.7911377,49799100
2/1/2022,182.6824521,183.1863453,180.4001588,181.7537384,49515700
2/2/2022,181.5363966,184.8066971,181.4672289,184.7572937,51245300
2/3/2022,183.3246636,185.3105519,182.7911315,184.4411011,53117000
2/4/2022,184.589323,185.7946925,183.008506,183.0480347,48088700
2/5/2022,183.6605924,186.1306095,183.4432297,185.8045654,50730800
2/6/2022,185.6761549,187.62253,185.3501258,186.9803314,51216800
2/7/2022,186.8123298,187.790462,186.6740095,187.3162079,46347300
2/8/2022,189.3317596,192.1475701,188.9661868,191.643692,85213200
2/9/2022,191.4559556,191.5547623,189.4601776,190.1517944,31458200
2/10/2022,189.2724664,190.6655445,188.3338479,189.0353394,46920300
2/11/2022,187.5631928,189.7170553,186.9308691,189.5095673,45094300
2/12/2022,189.1143986,190.3592818,187.9584323,188.3931427,46815000
2/13/2022,186.9901751,187.711431,184.7967987,186.3479767,59922200
2/14/2022,186.8913747,187.0296951,184.3620797,185.8243256,46638100
2/15/2022,187.4051323,189.4009103,186.2096524,187.4940643,60750200
2/16/2022,188.2152929,188.89702,187.5039268,188.2548065,41342300
2/17/2022,187.9485406,188.8871441,187.3557455,188.4030304,41616200
2/18/2022,189.5984762,191.9894656,189.5095592,191.6634216,50520200
2/19/2022,191.0311381,191.9993806,190.1122838,191.4065704,48288200
2/20/2022,190.784088,195.8525518,190.339473,192.7601013,80507300
2/21/2022,192.7502515,194.1137057,190.1913173,190.8137665,59581200
2/22/2022,191.7721294,192.6316905,188.9365395,189.638031,71951700
2/23/2022,191.0903968,192.572407,189.9443053,190.4383087,45377800
2/24/2022,191.011382,192.1080703,190.6062955,191.2978973,37283200
2/25/2022,191.3472652,193.2936397,191.0014719,192.1673126,47471900
2/26/2022,193.669117,194.8349579,190.2407319,190.9026947,47460200
2/27/2022,192.3352775,194.2717775,191.8116352,193.481369,48291400
2/28/2022,193.7086263,194.1334771,192.9182178,194.0939484,38824100
3/1/2022,193.8864873,194.370601,192.937994,193.2640381,35175100
3/2/2022,192.7008281,192.8391484,189.5490993,190.27034,50389300
3/3/2022,189.2724701,190.0628634,188.4030193,188.8772583,61235200
3/4/2022,183.2950205,185.1327137,179.7381901,179.8073578,115956800
3/5/2022,179.9457092,180.9337161,175.2230372,176.7050476,97576100
3/6/2022,177.5349649,178.1080107,175.4502697,177.6436462,67823000
3/7/2022,178.7007992,178.7600772,174.887092,176.052948,60378500
3/8/2022,177.3274561,178.582229,175.4700136,175.8355713,54686900
3/9/2022,175.4299516,176.7160828,174.6681548,175.894928,52036700
3/10/2022,176.0730109,177.7746786,175.4200423,177.5471344,43675600
3/11/2022,176.9733134,177.5669089,175.1628176,175.558548,43622600
3/12/2022,175.241971,176.6369303,174.6186814,174.6879425,46964900
3/13/2022,175.2518547,175.617906,171.6308632,172.1453247,66062900
3/14/2022,170.4634676,173.2336256,170.1270953,172.630127,61172200
3/15/2022,173.2039166,174.2526156,171.8880914,173.9656982,46311900
3/16/2022,175.1727105,175.786097,174.3713467,175.3408966,42038900
3/17/2022,176.6171453,179.6148471,176.4291681,179.1894226,52722800
3/18/2022,178.7442357,179.1696602,174.133903,174.4999695,54945800
3/19/2022,175.489322,177.2404448,173.9459524,176.7062073,51449600
3/20/2022,178.170408,178.6650785,176.6468296,178.2693481,43820700
3/21/2022,177.7845553,182.9291249,177.5866901,182.1574402,53003900
3/22/2022,182.9687355,185.8477216,182.7708703,185.6498413,60813900
3/23/2022,185.8377984,187.1041536,185.4816351,185.8674774,60794500
3/24/2022,187.470246,187.8956555,186.2731367,187.440567,45766500
3/25/2022,186.2731162,187.9549928,185.6102595,187.6779785,45280000
3/26/2022,186.3918298,186.8370454,179.5357043,180.9603577,81755800
3/27/2022,173.3127525,176.3104696,171.6902338,175.6673889,112488800
3/28/2022,176.448963,178.3188167,175.8949194,176.2807617,65551300
3/29/2022,178.1506198,178.378164,175.4497083,177.4481812,58953100
3/30/2022,177.5768379,178.2100156,172.9566168,174.4208374,90370200
3/31/2022,174.6285604,175.4101482,172.1255291,172.3530884,84267900
4/1/2022,172.1453471,174.2229694,171.7298257,173.866806,60895800
4/2/2022,174.5988942,174.6186853,171.9672587,173.1445618,109259500
4/3/2022,174.5988898,177.4679877,174.2921965,176.0730133,67257600
4/4/2022,175.6278493,177.7153598,175.2420069,177.1613312,51826900
4/5/2022,177.3492658,177.7845783,173.5304089,173.6194611,58436200
4/6/2022,172.6894667,174.4208134,172.006819,172.0760651,63149100
4/7/2022,172.8082096,175.1925253,172.1948229,172.9269257,56725400
4/8/2022,172.3432048,175.0836837,172.2937347,174.2031708,46172700
4/9/2022,172.9566064,173.3325457,169.8302851,170.1270905,64588900
4/10/2022,170.7800319,171.1955533,167.2480925,168.6133728,66921800
4/11/2022,167.5350195,170.1963494,165.8333515,168.870636,56294400
4/12/2022,170.1864346,171.2252456,168.5243339,169.3850708,51861100
4/13/2022,169.3949635,172.4421356,169.1080462,171.897995,52164500
4/14/2022,170.4238708,171.7792782,168.9992325,170.5623779,49594600
4/15/2022,169.2663614,172.3531158,169.1476453,171.8089752,53020300
4/16/2022,171.937582,173.5798918,170.8394128,173.0456543,48527900
4/17/2022,171.9474737,176.092815,171.334072,175.5981445,57266700
4/18/2022,174.9253971,177.1415266,173.9261681,177.0821686,42390800
4/19/2022,176.2016536,177.8043814,176.0532434,176.4885559,43698000
4/20/2022,176.3005779,177.9329997,175.7069823,177.8835297,47551100
4/21/2022,178.1506511,180.3964444,177.1316159,178.7838287,56743100
4/22/2022,179.4862634,179.9908219,176.2412257,176.9436646,51427100
4/23/2022,174.8660299,177.1711963,174.6285826,176.815033,52517000
4/24/2022,174.7670788,176.5182165,172.936807,175.2617493,57549400
4/25/2022,173.708475,175.6871568,173.2434836,173.9656982,54764400
4/26/2022,174.1636025,175.9444196,173.3226716,173.589798,59302900
4/27/2022,173.4413841,173.5502122,170.7998452,171.0372925,64244000
4/28/2022,169.0882866,172.1552349,168.1187215,171.1560059,55980100
4/29/2022,171.205451,171.8188375,169.6224994,171.5912933,43816600
4/30/2022,170.0479299,171.215345,168.8310296,169.2762451,57157000
5/1/2022,168.5540324,169.5532766,163.9041325,165.1111298,70625300
5/2/2022,165.1308915,167.1590434,165.0517424,166.4269257,58499100
5/3/2022,167.2184166,169.3454937,167.0700064,168.4748688,51131000
5/4/2022,167.5449359,169.0784027,166.1103791,168.9497986,44846000
5/5/2022,169.1772875,172.3728543,168.3066627,172.1156311,56934900
5/6/2022,173.6491548,175.8850603,173.5897968,175.6773071,77334800
5/7/2022,172.3827593,174.9352606,171.5022465,174.7670593,79829200
5/8/2022,174.4999824,177.5174605,174.3317962,177.3195953,63841300
5/9/2022,177.2701138,180.4953751,177.0623606,179.8819885,70530000
5/10/2022,180.4063295,181.4945955,179.6544208,180.940567,49340300
5/11/2022,181.0098388,182.1574629,179.8720876,180.4656982,53763500
5/12/2022,182.248854,184.8245355,181.812968,184.6561127,66133400
5/13/2022,184.0815369,184.2895637,182.4865989,183.0710754,43627500
5/14/2022,185.9439329,186.3501007,184.5570369,185.6863708,60108400
5/15/2022,186.0925307,187.7270877,186.0231784,186.2510223,53790500
5/16/2022,187.796491,189.1734863,186.8850848,187.9351807,54412900
5/17/2022,188.4700874,188.598876,186.8058121,187.915329,50922700
5/18/2022,188.1134716,190.1145776,188.1035706,189.6588745,46505100
5/19/2022,189.619261,189.7282325,187.9648866,188.8564606,38134500
5/20/2022,189.698496,191.1250112,189.0446671,189.5201721,39617700
5/21/2022,189.0842924,189.1140105,187.4794533,188.1927185,24048300
5/22/2022,188.1431929,188.8861763,187.1327313,188.0144043,40552600
5/23/2022,188.0045034,189.2923442,187.6280537,188.6186981,38415400
5/24/2022,189.1140278,190.2928971,187.2020911,187.5983429,43014200
5/25/2022,188.0639259,188.539446,186.4293687,188.1728973,48794400
5/26/2022,188.5493462,189.7678345,187.4596313,189.4508362,45704800
5/27/2022,188.2026334,188.2719857,185.696304,187.6577759,43389500
5/28/2022,188.430453,192.5812397,188.4007197,191.6104126,66628400
5/29/2022,192.6308144,192.9379118,190.31271,190.520752,41089700
5/30/2022,191.8184723,193.1756503,191.7788381,192.4524841,47477700
5/31/2022,192.3831304,194.1563923,191.8580901,193.8790131,53406400
6/1/2022,191.3033434,191.6797931,189.6291519,191.3726807,60943700
6/2/2022,191.2736267,192.898283,189.9263497,192.888382,52696900
6/3/2022,193.2648115,196.1475903,193.0270665,196.1079712,70404200
6/4/2022,196.1674222,197.7524442,194.3248228,196.2565765,66831600
6/5/2022,195.6819997,196.5438555,195.1569593,195.7216339,128538400
6/6/2022,194.2554684,194.7904249,192.5713758,194.0573425,55751900
6/7/2022,194.3248175,195.1074199,194.0573392,195.0975189,40714100
6/8/2022,195.0578894,195.8305908,193.0072632,193.0072632,52242800
6/9/2022,194.2653555,195.2361827,191.6896743,192.8586273,46482500
6/10/2022,193.3539775,193.5818366,191.1646617,191.7887726,37149600
6/11/2022,191.7986549,192.0760341,191.0259535,191.2438965,28919300
6/12/2022,190.6891427,191.6896881,189.3022315,191.3429565,48087700
6/13/2022,192.3236946,192.8388339,191.3627683,191.7689362,34049900
6/14/2022,192.0859531,192.5812753,189.9362564,190.728775,42672100
6/15/2022,185.399081,186.6770207,182.1695859,183.9032135,82488700
6/16/2022,182.496527,184.1410005,181.7139094,182.5262451,58414500
6/17/2022,180.4458749,181.377083,179.1877673,180.2081299,71983600
6/18/2022,180.2874049,181.0501903,178.4844246,179.4849701,62379700
6/19/2022,180.3864223,183.8635936,179.8019458,183.8239594,59144500
6/20/2022,182.1993258,183.4178142,181.0204565,183.4079132,42841800
6/21/2022,182.6253075,184.6561165,182.1993225,184.4480896,46792900
6/22/2022,184.7947926,185.3000309,181.9021129,183.8536835,49128400
6/23/2022,184.3192774,184.9929234,183.4574217,184.1805878,40477800
6/24/2022,180.4557695,182.5361135,179.2372661,181.9120178,65603000
6/25/2022,179.5740893,181.2185473,178.6131632,180.9708862,47317400
6/26/2022,184.3490045,187.3704728,184.0914424,186.8652496,78005800
6/27/2022,187.5587048,190.1541882,187.0534816,189.7678375,68903000
6/28/2022,190.5009136,193.5025648,190.4612794,192.0760345,60133900
6/29/2022,193.1954665,193.9186327,192.0165973,193.3539581,42355600
6/30/2022,193.5917194,194.5427446,192.5218216,192.6803284,53631300
7/1/2022,193.3936037,194.4337834,191.3033434,192.3534241,54822100
7/2/2022,192.4524796,192.9378856,190.1442764,190.6197815,44594000
7/3/2022,190.2136127,190.4018376,187.8063543,189.9362335,47145600
7/4/2022,189.1536395,190.0055942,185.7161023,186.2807617,55859400
7/5/2022,185.290136,185.3495874,182.6253151,182.6748352,55467800
7/6/2022,182.2686718,185.2009708,182.100264,185.1118164,64885400
7/7/2022,178.1773017,185.5774166,177.573008,184.1112671,102551700
7/8/2022,186.3897527,187.4794676,184.1013663,185.9241486,69668800
7/9/2022,185.111832,187.538908,185.0226776,187.529007,43490800
7/10/2022,188.8564584,189.2626263,186.8454514,187.63797,53439000
7/11/2022,187.6181482,187.7667388,185.5972402,186.5581665,40962000
7/12/2022,187.1235209,188.4526897,186.4787864,187.3219147,45155200
7/13/2022,186.8953939,187.143371,185.2785782,185.6356659,41781900
7/14/2022,184.266844,184.7032861,182.0251211,183.5427399,56529500
7/15/2022,183.8204889,184.0287812,180.9637876,182.6599426,54630500
7/16/2022,182.06481,182.9972064,179.8826143,182.3722992,65434500
7/17/2022,181.9358579,183.354295,180.200018,180.8348389,49752500
7/18/2022,180.3190466,180.9538675,178.543537,180.0909119,53665600
7/19/2022,180.467827,181.410137,179.1981854,180.8447571,41371400
7/20/2022,181.9953758,183.4634114,180.98364,182.8781738,52292200
7/21/2022,183.5129944,183.5427505,180.7554899,181.0431519,45119700
7/22/2022,180.7654159,181.2811974,179.1882698,179.6941528,40867400
7/23/2022,179.6346183,182.4317921,178.1070709,181.1522369,54318900
7/24/2022,181.0332183,181.6382831,178.6724863,179.9520416,48953900
7/25/2022,179.803257,181.0927411,178.0773308,179.2874603,136682600